企业代号,企业名称,in_n_inv,in_n_void,in_void_share,in_neg_share,in_sum_amt,in_net_amt,in_sum_amt_pos,in_sum_tax,in_avg_inv,in_max_inv,in_n_counterpart,in_hhi,in_n_active_month,in_cv_month,in_growth,in_tax_ratio,in_inv_per_active_month,out_n_inv,out_n_void,out_void_share,out_neg_share,out_sum_amt,out_net_amt,out_sum_amt_pos,out_sum_tax,out_avg_inv,out_max_inv,out_n_counterpart,out_hhi,out_n_active_month,out_cv_month,out_growth,out_tax_ratio,out_inv_per_active_month,out_in_ratio
E124,个体经营E124 ,17411,2147,0.12331284819941417,0.019872494400091895,963062580.1,922278529.7,942670554.9,69902733.27,55313.45586698064,5504587.16,1422,0.026377345161177772,25,1.107467557836738,2.5175503114474913,0.07045359137377058,696.44,1293,194,0.1500386697602475,0.03248259860788863,955356734.44,885808734.04,920582734.24,79252874.41,738868.317432328,999999.99,54,0.0751739023640624,25,1.187534737657588,1.8624018431478595,0.082122088078179,51.72,0.9919986033937692
E125,个体经营E125 ,20288,2512,0.12381703470031545,0.020011829652996846,1145805127.49,1095904191.21,1120854659.35,81909037.87,56476.98775088722,5504587.16,1810,0.014123531005063746,36,0.8857262735285396,2.4435528494148393,0.06954331624716073,563.5555555555555,1595,215,0.13479623824451412,0.026959247648902823,1167535644.43,1097851721.69,1132693683.06,97253283.75,731997.2692351098,999999.99,64,0.055576559053238724,35,0.899802267857744,1.4939117572749938,0.08137635045231394,45.57142857142857,1.0189652816335382
E126,个体经营E126 ,533,18,0.03377110694183865,0.005628517823639775,117534044.08,117327184.0,117430614.04,16679156.64,220514.15399624765,999961.31,72,0.29851423831507967,36,0.9441169059852293,2.168254795395194,0.12446542872779098,14.805555555555555,1516,252,0.1662269129287599,0.021108179419525065,663361072.39,628834350.71,646097711.55,21474689.41,437573.2667480211,999296.12,149,0.0629404742846429,36,0.7986851346702702,1.6497734936165696,0.03302228338396976,42.111111111111114,5.643990875856196
E127,个体经营E127 ,1450,26,0.01793103448275862,0.001379310344827586,1734485.25,1732644.55,1733564.9,122128.39,1196.1967241379311,283018.87,297,0.05763353779582086,32,1.8133531129870317,2.261530615381223,0.06584546677718946,45.3125,4026,122,0.030303030303030304,0.0009935419771485345,699494895.4300001,696829699.3100001,698162297.37,20916973.24,173744.3853527074,999999.99,26,0.13393415934471478,36,0.9313916780648014,-0.12056696855439496,0.029142556893627217,111.83333333333333,403.28673618296847
E128,个体经营E128 ,3222,88,0.027312228429546864,0.004965859714463066,11061182.88,10302249.18,10681716.03,485790.7,3433.017653631285,359223.3,533,0.02723410109519435,31,1.3363801433223892,2.279073425094778,0.04503048796664255,103.93548387096774,1255,94,0.0749003984063745,0.0,255682870.46,255682870.46,255682870.46,8959492.66,203731.37088446217,970873.79,8,0.9467606014540079,33,1.573357807626739,0.7795915682335308,0.03385509619235598,38.03030303030303,23.11532801092246
E129,个体经营E129 ,6326,398,0.06291495415744547,0.004584255453683212,96033810.79,93519019.57,94776415.18,11293995.26,15180.811063863423,990709.4,1373,0.03738121786032367,36,1.049749876865425,-0.3149736492500309,0.10775374869540903,175.72222222222223,5817,636,0.10933470861268695,0.014956162970603403,380653435.41,368188407.63,374420921.52,56195406.35,65438.10132542548,99993.23,799,0.010800488216591611,36,0.7097771540048606,-0.026541541217583568,0.1324164694760209,161.58333333333334,3.96374393850085
E130,个体经营E130 ,3251,128,0.03937250076899416,0.005536757920639803,80914641.87,80095869.55,80505255.71000001,5444067.45,24889.15468163642,970873.79,520,0.04194635645294873,31,1.9030587585282446,99.46000486001451,0.06364357563181278,104.87096774193549,1382,61,0.04413892908827786,0.015195369030390739,118953187.55999999,115228113.72,117090650.64,10503788.41,86073.21820549927,99090.91,14,0.7428407896473296,22,2.1312069073124054,47.29613032531947,0.08354115568171115,62.81818181818182,1.4701070759370585
E131,个体经营E131 ,7077,550,0.07771654655927653,0.018369365550374453,127396543.49,123045721.43,125221132.46,15325354.94,18001.489824784512,909090.91,910,0.05616653865332015,36,1.243957178099601,0.2584713450215361,0.11075547970025522,196.58333333333334,3336,239,0.07164268585131894,0.01288968824940048,233617720.78,229133689.96,231375705.37,35843696.69,70029.2927997602,984957.26,826,0.009997575898371204,36,0.5573215301600208,0.25261555748548775,0.13527077590717115,92.66666666666667,1.8337838247419787
E132,个体经营E132 ,5159,109,0.021128125605737545,0.0019383601473153711,69517904.76,68486384.66,69002144.71,6552635.54,13475.073611164955,800884.96,682,0.07582568129119173,31,1.0245477526152567,0.9867739526649101,0.08732304236563046,166.41935483870967,1798,139,0.07730812013348165,0.004449388209121246,228460135.26,223393967.04,225927051.15,19660337.54,127063.47901001111,970873.79,99,0.025280921533655295,34,0.846465706143063,0.5894540272210944,0.0808886622023553,52.88235294117647,3.2863495533808718
E133,个体经营E133 ,1645,46,0.02796352583586626,0.0012158054711246201,41329731.02,41329044.92,41329387.97,1724534.19,25124.456547112462,970873.79,283,0.0678770851723176,32,1.616312110923634,1.4325226467610033,0.040055536047163255,51.40625,170,30,0.17647058823529413,0.01764705882352941,144819189.96,140158995.78,142489092.87,4204769.86,851877.5880000001,973902.91,9,0.5178523224552316,20,1.950134748990616,1.0547643945021032,0.029126213502115465,8.5,3.503995462489705
E134,***工程咨询有限公司,1695,31,0.018289085545722714,0.004129793510324484,4079320.63,4072204.37,4075762.5,372725.02,2406.678837758112,1219827.59,583,0.10521543410194448,36,2.3368146875167253,9.471130484349649,0.08385397996164795,47.083333333333336,3070,235,0.07654723127035831,0.018892508143322474,137624949.2,131814961.92,134719955.56,7908899.94,44828.97368078175,94339.62,1762,0.007618538734485332,37,0.8683707129563312,1.637698623652086,0.05660378860644812,82.97297297297297,33.7372228571305
E135,***建设工程有限公司,2891,44,0.015219647180906262,0.0017295053614666206,26161025.25,25578736.53,25869880.89,1901391.84,9049.126686267728,968446.61,366,0.04833544047274892,31,1.6681467300181536,168.40435931759836,0.06919151957367657,93.25806451612904,413,46,0.11138014527845036,0.03389830508474576,173259990.82,156807166.52,165033578.67,9191249.34,419515.7162711864,999047.62,78,0.08859222223202244,35,0.9560522597905979,0.1808174542470368,0.05536950031951949,11.8,6.622828775412768
E136,***机械有限责任公司,1288,2,0.0015527950310559005,0.0007763975155279503,114722610.36,114717808.96,114720209.66,17618660.87,89070.3496583851,99983.01,16,0.9993234331155546,28,1.3909933637845218,1.9003438786343947,0.13313533973388447,46.0,1355,71,0.05239852398523985,0.002952029520295203,124332895.44,123727767.2,124030331.32,19085044.9,91758.5944206642,99993.49,4,0.5800703291067657,28,1.330682413296863,2.014537794024555,0.13363678383866792,48.392857142857146,1.0837697560214405
E137,***建设工程有限公司,3281,140,0.04266991770801585,0.011581834806461445,121599778.92,115811435.5,118705607.21000001,5801002.71,37061.80399878086,999523.81,679,0.03657158671996608,37,1.0570705208567428,0.8406018594858105,0.047700735182883564,88.67567567567568,254,23,0.09055118110236221,0.023622047244094488,166351479.38,158948125.44,162649802.41,11574087.34,654927.0841732284,961165.05,26,0.13044199149607041,30,1.4045324627261435,0.970026930748501,0.06787436751675491,8.466666666666667,1.3680245215695823
E138,个体经营E138 ,520,8,0.015384615384615385,0.04807692307692308,21125930.87,21110979.59,21118455.23,3136660.92,40626.79013461539,728761.06,54,0.1716916509911111,36,1.537900194384831,0.5551553570164544,0.129359428547549,14.444444444444445,1492,53,0.035522788203753354,0.00804289544235925,112506654.18,111172136.3,111839395.24,16851222.9,75406.60467828419,99974.36,121,0.04125318498333402,36,0.765129426629403,1.0860814247108777,0.13162615795508667,41.44444444444444,5.325524109319401
E139,个体经营E139 ,472,15,0.03177966101694915,0.00423728813559322,1683042.03,1671410.17,1677226.1,106232.54,3565.7670127118645,355339.81,77,0.12012072295519693,36,1.415899355929528,0.7567746843374072,0.05976034407949165,13.11111111111111,12822,613,0.04780845421931056,0.0025737014506317267,206237969.25,204891564.05,205564766.65,10850195.81,16084.695776789893,99999.9,169,0.10959035371808334,36,0.5742949083915853,-0.11569756318049981,0.05029251553821083,356.1666666666667,122.53881101828455
E140,***建筑工程有限公司,2074,51,0.02459016393442623,0.008678881388621022,9031150.2,7466027.72,8248588.96,533721.62,4354.460077145612,148543.68,564,0.11124693084704294,36,2.027515473644219,32.50459418499837,0.06671729291958041,57.611111111111114,845,119,0.1408284023668639,0.02603550295857988,233048206.25,225183702.37,229115954.31,7123929.1,275796.6937869823,970873.79,20,0.13216003361322923,37,0.8590918756835606,0.32968721126942857,0.030665927997806552,22.83783783783784,25.80493083261975
E141,***食品有限公司,1413,56,0.039631988676574664,0.0021231422505307855,40938570.96,40889943.78,40914257.37,2060162.59,28972.80322717622,277692.67,209,0.054335712787362364,36,1.1304187636436178,2.8040601199907993,0.04796641415163043,39.25,4740,282,0.05949367088607595,0.030379746835443037,175963478.46,167955634.28,171959556.37,2688282.61,37123.09672151899,99999.0,1191,0.01591028682839139,35,0.6263394461310102,0.9580329802669613,0.01575375588532062,135.42857142857142,4.298232066574315
E142,***运业有限公司,727,23,0.03163686382393398,0.015130674002751032,52254737.15,51125368.97,51690053.06,6966091.6,71877.21753782668,884955.75,96,0.23210537848163515,37,1.1971644774508712,2.207752515984757,0.1199159313890186,19.64864864864865,1476,110,0.07452574525745258,0.006775067750677507,104540508.87,103655285.41,104097897.14,10102030.24,70826.90302845529,99999.09,75,0.2822564839639844,37,0.7297331703430322,1.677467903327587,0.08880334580925917,39.891891891891895,2.000593909216516
E143,***电子科技有限公司,3714,135,0.036348949919224556,0.012116316639741519,35108929.29,34506824.31,34807876.8,3760526.42,9453.13120355412,411964.08,601,0.07672035000614313,38,0.9645581159030205,1.442799014900765,0.09826983964823845,97.73684210526316,1150,51,0.04434782608695652,0.018260869565217393,97678099.4,94909686.68,96293893.04,13121461.67,84937.47773913044,991150.44,77,0.3650952230533017,36,1.3056142516466573,15.498533066972993,0.12145998510993335,31.944444444444443,2.782144069196136
E144,***劳务有限公司,2478,44,0.01775625504439064,0.00443906376109766,9392673.83,8869539.75,9131106.79,702997.39,3790.4252744148507,999285.71,673,0.0723261949670013,30,2.501222992425471,47.78901218640357,0.07343898276063518,82.6,1360,115,0.08455882352941177,0.04264705882352941,125008946.42,114203593.82000001,119606270.12,5785417.62,91918.34295588236,99902.91,34,0.1244120592613034,27,1.4245019650482595,10.817551417149822,0.0482162287243526,50.370370370370374,13.30919700636512
E145,***工贸有限公司,2988,72,0.024096385542168676,0.006024096385542169,116243158.58,115379100.98,115811129.78,16377510.71,38903.332858099064,976143.73,378,0.14888113465182906,37,0.7171098091729375,0.1672795553531651,0.12430124378527119,80.75675675675676,4271,427,0.09997658627955983,0.018965113556544136,136018226.7,131309929.62,133664078.16,18487094.71,31846.92734722547,99999.06,412,0.08923115634306708,37,0.5149998724127425,0.1465485833386986,0.12341429873315295,115.43243243243244,1.1701181244691534
E146,***基础建设工程有限公司,3250,80,0.024615384615384615,0.0024615384615384616,134991392.14000002,133970889.52,134481140.83,15755715.45,41535.81296615385,999991.28,386,0.37884472023647814,37,1.1723295334485995,0.377909699724633,0.10522989854179153,87.83783783783784,1612,196,0.12158808933002481,0.02109181141439206,155903779.33,149589463.41,152746621.37,13657421.37,96714.50330645162,970873.79,65,0.08193377029124235,37,0.7490745276779238,0.7197650175188797,0.08366114543873503,43.567567567567565,1.1549164495489586
E147,***装饰工程有限责任公司,5991,388,0.06476381238524453,0.010682690702720748,160092012.81,156710030.75,158401021.78,9503744.52,26722.085262894343,999523.81,744,0.04852591877229964,37,0.7681387242170128,-0.07399407622119061,0.05717783922880027,161.9189189189189,2371,57,0.024040489245044285,0.010122311261071278,194314800.92,191687169.72,193000985.32,12454580.28,81954.78739772248,97087.38,150,0.05901455329429897,36,0.8726058354514917,-0.2306359268824542,0.06100947150693084,65.86111111111111,1.2137694911151888
E148,***商贸有限公司,546,35,0.0641025641025641,0.003663003663003663,30896215.86,30881079.54,30888647.7,1453781.15,56586.47593406594,970873.79,134,0.4762963284701599,36,2.3721778380598795,-0.8977276726461269,0.044960179786690764,15.166666666666666,281,11,0.03914590747330961,0.0035587188612099642,85878580.78999999,84582580.78999999,85230580.78999999,4229142.5,305617.7252313167,892678.1,189,0.01082734309801032,17,1.856735787831887,195.02217385244708,0.0476191919639982,16.529411764705884,2.7795824957704056
E149,***建筑劳务有限公司,293,8,0.027303754266211604,0.0,575370.73,575370.73,575370.73,71027.3,1963.722627986348,131533.27,111,0.18625425818315214,34,1.6927478504648787,-0.08076515940471021,0.10988167770251404,8.617647058823529,1226,79,0.06443719412724307,0.026101141924959218,113847774.37,108156679.99,111002227.18,6490247.51,92861.15364600327,99999.03,10,0.24412923461639785,26,1.3011571598286125,1.7547244901568686,0.05661074092020477,47.15384615384615,197.86855401907567
E150,***建设工程有限公司,3379,111,0.0328499556081681,0.004735128736312519,86960486.5,85861470.5,86410978.5,5322893.07,25735.568659366676,999285.71,465,0.035688295298344906,37,1.2984853381244625,1.2281882589485316,0.0583750641184631,91.32432432432432,464,54,0.11637931034482758,0.0021551724137931034,125752867.24,125749897.24,125751382.24,9843272.94,271019.11043103447,970873.79,135,0.06948225705936431,36,0.9471475734821024,1.3511642572327138,0.07259416478671492,12.88888888888889,1.4460920390550023
E151,***路桥工程有限公司,801,20,0.024968789013732832,0.0012484394506866417,11592117.52,11591777.9,11591947.709999999,1771770.88,14472.056828963794,993140.34,174,0.29368073988054505,31,3.150331148178931,-0.17642334081972882,0.13258236335034354,25.838709677419356,148,8,0.05405405405405406,0.0,108301814.89,108301814.89,108301814.89,6895942.17,731769.019527027,990990.99,5,0.27169541284287413,23,1.4632211822812504,2.0486987863587234,0.05986177462125667,6.434782608695652,9.34271195087056
E152,***运贸有限责任公司,912,21,0.023026315789473683,0.025219298245614034,7028479.86,6535665.04,6782072.45,319960.07,7706.666513157895,247148.52,149,0.19316002295034818,37,0.861445239782967,2.26003536461715,0.04667117365173429,24.64864864864865,1525,37,0.024262295081967214,0.005901639344262295,123247898.94,121868548.48,122558223.71,7110473.2,80818.29438688525,99999.01,15,0.6785837239975994,37,0.46228058110666975,0.7471143138824708,0.05512891249587279,41.21621621621622,17.535498627721754
E153,个体经营E153 ,71,0,0.0,0.0,87916.36,87916.36,87916.36,5160.64,1238.2585915492957,9708.74,33,0.4517010232399619,18,4.302899832299329,-0.5698703850708587,0.055444846739796085,3.9444444444444446,355,75,0.2112676056338028,0.0028169014084507044,305371053.97,303774351.27,304572702.62,17266815.01,860200.1520281691,995145.63,6,0.4878723685885941,29,1.4096684720493506,-0.5707578043238949,0.053783803523005325,12.241379310344827,3473.4269477262255
E154,***汽车销售服务有限公司,2696,39,0.014465875370919881,0.020029673590504452,135929083.75,124867586.73,130398335.24,18837884.49,50418.79961053412,816056.03,301,0.3875085954657405,30,0.8791036662339055,1.4421818397081134,0.1310867591197061,89.86666666666666,1923,107,0.05564222568902756,0.013000520020800831,78536019.25,77819943.65,78177981.45,11795556.82,40840.36362454498,99993.1,309,0.3590972500159146,30,0.9376426913894802,2.9812368326197944,0.13162406902976256,64.1,0.5777720049554884
E155,个体经营E155 ,417,19,0.045563549160671464,0.02158273381294964,78555300.41,76897608.05,77726454.23,11825623.31,188382.01537170264,2865843.33,50,0.16592286363463388,25,1.156114607540119,1.671497148808277,0.13328666155109706,16.68,1083,38,0.03508771929824561,0.008310249307479225,82162174.3,81123588.06,81642881.18,12295889.11,75865.35023084025,99568.97,57,0.07456522239600935,25,1.112679221263743,2.0741124901737007,0.1316201875934776,43.32,1.0459150925675902
E156,个体经营E156 ,611,19,0.031096563011456628,0.01800327332242226,2497570.35,2368742.0300000003,2433156.19,105824.59,4087.6765139116205,99902.91,153,0.17767861170532,32,2.1764307272274044,1.5638992754074146,0.04276489836430429,19.09375,444,60,0.13513513513513514,0.06531531531531531,220154302.77,181704624.79,200929463.78,6615185.4799999995,495843.02425675676,990990.99,34,0.16131519411864856,34,1.7125455125578892,0.1756281350791939,0.035127400938412164,13.058823529411764,88.1473880285294
E157,***环境设备工程有限公司,1553,81,0.05215711526078558,0.0077269800386349004,54394400.55,53234392.13,53814396.339999996,5657426.78,35025.3706052801,970873.79,309,0.047158037678138524,37,1.7943694534227033,8.895789789262153,0.09606473165051714,41.972972972972975,999,81,0.08108108108108109,0.07507507507507508,87303426.71,73879241.95,80591334.33,5841857.1,87390.81752752753,97087.38,91,0.19892879639928182,34,1.5993467905355856,1.1165647460376138,0.07327868242679476,29.38235294117647,1.6050076079016555
E158,***装饰工程有限公司,1174,75,0.06388415672913117,0.011073253833049404,70367364.77,68765243.03,69566303.9,2599070.03,59938.13012776831,970873.79,306,0.8073442487994322,31,1.843600186616649,2.584875547700409,0.036419744246887306,37.87096774193548,986,127,0.12880324543610547,0.0,88255541.5,88255541.5,88255541.5,6346573.21,89508.66277890466,99999.09,10,0.17652263876150712,28,1.9706353696902792,2.5688657635270697,0.06708701205522978,35.214285714285715,1.2542112638219236
E159,个体经营E159 ,4684,212,0.04526046114432109,0.0029888983774551663,71848046.67,71409409.23,71628727.95,4153558.31,15339.03643680615,999285.71,1042,0.03806371935349106,31,1.0957635933268852,0.15563546424559888,0.054968173501143566,151.09677419354838,253,20,0.07905138339920949,0.007905138339920948,110195844.43,107081029.71,108638437.07,9225541.75,435556.6973517787,999346.68,81,0.04119331663891706,35,0.8275718580308957,0.04325083411507442,0.07932089850290906,7.228571428571429,1.5337347295763302
E160,***钢结构工程有限公司,4384,139,0.03170620437956204,0.0029653284671532845,157120719.33,156283767.33,156702243.33,20419505.67,35839.58013914234,999285.71,424,0.0911267046373892,37,0.9455242248675816,0.37719145012781047,0.11555816326050736,118.48648648648648,3377,563,0.1667160201362156,0.03375777317145395,286431683.15,268632343.39,277532013.27,32257516.5,84818.38411311814,99981.95,68,0.23897888360780672,37,0.8229002656821822,0.2584870648255286,0.10720705746545522,91.27027027027027,1.8230038938938962
E161,***建筑劳务有限责任公司,248,2,0.008064516129032258,0.0,1006152.97,1006152.97,1006152.97,87153.59,4057.0684274193545,281965.81,140,0.15667374240092244,34,2.324769043991386,-0.29391062322084555,0.07971560145033794,7.294117647058823,289,51,0.17647058823529413,0.010380622837370242,191243370.85,185418128.11,188330749.48000002,7552189.26,661741.7676470588,976912.62,29,0.08746344431421804,33,1.106875861073707,-0.161873613748476,0.03913653334320574,8.757575757575758,190.07385213999817
E162,***网络信息安全有限公司,10363,543,0.05239795426034932,0.023545305413490304,182646578.55,154638016.41,168642297.48,11283114.93,17624.874896265563,999056.6,1286,0.05950863932167053,38,0.9165289012309944,2.00188366828114,0.06800288088006717,272.7105263157895,511,40,0.07827788649706457,0.05870841487279843,198189347.38,151881014.12,175035180.75,15651581.43,387846.0809784736,998235.79,100,0.06258878326014122,36,1.53241838172949,1.42580590777646,0.09342409683689759,14.194444444444445,1.0850975088249195
E163,***物流有限公司,2633,57,0.02164830991264717,0.0037979491074819596,79643583.79,79306843.23,79475213.51,8720436.18,30248.22779718952,1280341.88,267,0.13097760578666232,38,1.4349507837178135,-0.45544951585557913,0.09906515614759927,69.28947368421052,1092,164,0.15018315018315018,0.008241758241758242,168555680.6,162018118.74,165286899.67,15847517.65,154355.01886446885,999999.97,24,0.5760006156565199,36,0.9828074123590809,-0.025211686129085996,0.08909825400591535,30.333333333333332,2.116374886449594
E164,个体经营E164 ,4194,95,0.022651406771578446,0.009060562708631379,78837800.95,75124528.15,76981164.55,5413211.38,18797.758929422987,986460.18,504,0.22648004797693116,36,1.354066234415419,0.4130965116259154,0.06721335130077247,116.5,1661,208,0.12522576760987358,0.012642986152919929,140757074.56,137340694.12,139048884.34,12607298.94,84742.36878988562,99999.99,86,0.040635215864120604,36,0.8971516903835046,0.6821431706785053,0.08407781046429431,46.138888888888886,1.7854008212287662
E165,***文化传媒股份有限公司,4325,178,0.04115606936416185,0.011098265895953757,99634506.46,93996031.0,96815268.73,6640937.75,23036.88010635838,943396.23,928,0.06612315863300458,37,0.7949157465406228,-0.2472972498256671,0.0659890478865402,116.89189189189189,2606,260,0.0997697620874904,0.044512663085188024,137163035.16,127033859.5,132098447.33,9427948.88,52633.55148119724,99933.96,255,0.03761849938954885,37,0.6042073201949688,-0.1824094741040674,0.06908855299459575,70.43243243243244,1.3766619621392562
E166,***建筑工程有限公司,171,3,0.017543859649122806,0.0,3061344.28,3061344.28,3061344.28,267100.0,17902.59812865497,97087.38,74,0.22023636383766088,29,3.5165413052204118,29.56207068522616,0.08024770058641331,5.896551724137931,1572,175,0.11132315521628498,0.16412213740458015,136002696.44,88254916.24,112128806.34,4406165.149999999,86515.71020356234,97087.38,50,0.49897814001069074,30,1.6539365092943235,4.441019428079952,0.04755141083941109,52.4,44.42580905666709
E167,***体育文化股份有限公司,7298,227,0.031104412167717182,0.013428336530556317,146504938.54,144146037.16,145325487.85,20282315.73,20074.66957248561,999984.08,1101,0.1014058044359819,37,0.48470049067361215,0.09553051080314125,0.1233504768096081,197.24324324324326,4979,337,0.06768427395059248,0.018678449487848966,131460146.12,128993405.36,130226775.74,19614389.09,26402.92149427596,99999.48,2578,0.07286851960546215,37,0.5164519744859183,0.3301511839107988,0.13198761991316266,134.56756756756758,0.8973086329380471
E168,***建材有限公司,461,0,0.0,0.0,1361564.03,1361564.03,1361564.03,119545.23,2953.5011496746206,97087.38,8,0.4904787589673639,11,2.5080892211485395,3081.8803877601867,0.08071330942863729,41.90909090909091,415,16,0.03855421686746988,0.0,92960580.67,92960580.67,92960580.67,2894133.42,224001.3992048193,970872.82,12,0.4122618842800107,29,1.050432882497809,0.3557980741977922,0.03019291693137426,14.310344827586206,68.27485055550417
E169,***建筑设计有限公司,6036,225,0.037276341948310136,0.004638833664678595,82464481.06,82064674.98,82264578.02,4435712.53,13662.1075314778,979160.0,1023,0.03729226966914283,37,1.6197427566145008,2.9205405479691153,0.05127968391456285,163.13513513513513,1490,80,0.053691275167785234,0.020134228187919462,125739753.75999999,121324097.38,123531925.57,7634434.029999999,84389.09648322147,99999.06,175,0.04272785538999848,37,0.9559674189203087,1.5596109872706343,0.05920068991579717,40.270270270270274,1.5247746926160064
E170,***建筑劳务有限公司,1330,83,0.062406015037593986,0.041353383458646614,38869424.77,37180265.05,38024844.91,2241873.85,29225.13140601504,1254700.85,234,0.09084417606299228,34,1.4293915947402294,6.338847193098515,0.056868397112770565,39.11764705882353,796,10,0.01256281407035176,0.018844221105527637,75664899.58,72664928.68,74164914.13,6188754.59,95056.40650753769,99999.1,11,0.1706211940269643,27,1.2171309098479801,3.484979950880783,0.07848402678679336,29.48148148148148,1.946643152753814
E171,***质量检验测试站,1923,100,0.052002080083203325,0.004160166406656267,46527292.48,46519647.0,46523469.74,1596706.19,24195.15989599584,759805.05,327,0.1034422838218312,38,1.2251389698985677,1.4945530833584881,0.033184272791726095,50.60526315789474,7508,495,0.06592967501331913,0.015050612679808204,118905358.78,114993909.88,116949634.33,6899658.97,15837.154872136389,99528.3,1458,0.01726071537036535,37,0.7684771434407213,0.8559799305965773,0.05660396225243511,202.9189189189189,2.555604516018466
E172,***物流有限公司,471,7,0.014861995753715499,0.010615711252653927,41773085.42,41694217.52,41733651.47,5290621.81,88690.20259023354,673018.94,53,0.11483687463347446,37,1.0941668637975293,4.112236860836023,0.11260274346882607,12.72972972972973,1273,102,0.08012568735271014,0.0,80106407.84,80106407.84,80106407.84,7360159.77,62927.26460329929,99924.32,98,0.11872561482138431,37,1.036332504518675,3.664418612674424,0.08414826340068382,34.4054054054054,1.9176559987030999
E173,***贸易有限责任公司,1350,36,0.02666666666666667,0.0044444444444444444,109420412.23,109307677.55,109364044.89,17115884.55,81052.1572074074,1344494.28,204,0.23492151253066695,37,0.6463594501877037,0.07153706599206865,0.13538524200466268,36.486486486486484,2501,131,0.05237904838064774,0.012395041983206718,116226784.75,113654162.85,114940473.8,17978988.23,46472.12504998001,99999.15,350,0.0360484653653823,37,0.47805360514603495,0.050436426251517175,0.13658404499542276,67.5945945945946,1.0622038647203513
E174,***工程技术有限公司,2399,80,0.03334722801167153,0.0025010421008753647,82998285.07,81902319.65,82450302.36,11874262.7,34597.034210087535,685882.93,435,0.22378951281537302,34,0.9136469979918294,0.3535439179476746,0.12662289883504163,70.55882352941177,1249,101,0.08086469175340272,0.0040032025620496394,99450546.06,98781528.68,99116037.37,15227484.9,79624.13615692554,99999.52,85,0.04514499750001061,33,0.9249659750296949,0.29522891343272273,0.13356386852092964,37.84848484848485,1.1982241075960103
E175,***食品集团有限公司,4092,162,0.039589442815249266,0.016373411534701857,92645818.32,86651291.8,89648555.06,11856786.52,22640.718064516128,388349.51,606,0.4266436994848335,38,1.3157678765687606,0.9076431311449523,0.12036359578027345,107.6842105263158,4085,314,0.07686658506731946,0.016156670746634027,83099081.74,80178532.2,81638806.97,12096557.04,20342.49247001224,99970.79,1827,0.032990820335143604,30,1.5962844661046338,1.1718786581259188,0.13109233640010728,136.16666666666666,0.8969544794021309
E176,***科技有限公司,3229,66,0.020439764633013318,0.0052647878600185815,4562671.91,4444590.09,4503631.0,511017.45,1413.029393000929,313046.55,869,0.036521365049974705,38,0.8872891909656978,0.6822634225543942,0.10311903149618665,84.97368421052632,2167,232,0.1070604522381172,0.03091832025842178,99020731.16,94930927.96,96975829.56,14581936.88,45694.845943700966,99999.99,169,0.10031309734554392,38,0.4952689006060371,0.7874055719982241,0.13315272960217447,57.026315789473685,21.7023562318773
E177,***电力工程有限公司,3152,91,0.028870558375634518,0.0015862944162436548,80229128.73,73382742.25,76805935.49,8832050.5,25453.403784898477,1927116.5,648,0.10540213529118314,37,1.271873663263674,1.180142001640396,0.10742653730036922,85.1891891891892,970,135,0.13917525773195877,0.01958762886597938,120446604.8,117027321.32000001,118736963.06,8919566.26,124171.7575257732,970873.79,201,0.07210981838033423,25,1.8422071324303122,0.20421535501223567,0.07082006099066478,38.8,1.5012827224554104
E178,***贸易有限公司,340,7,0.020588235294117647,0.014705882352941176,82372935.47,82249313.65,82311124.56,12075177.39,242273.33961764706,3369832.43,29,0.2256912895101543,36,0.8216106277191324,1.725598367096475,0.1280174136839954,9.444444444444445,1116,97,0.08691756272401434,0.01971326164874552,88283972.92999999,85403234.39,86843603.66,12806049.61,79107.50262544802,99999.15,183,0.022515505421650466,37,0.756860454387943,1.4973235586451972,0.13039550934919758,30.16216216216216,1.0717594611175751
E179,***园林有限公司,2125,125,0.058823529411764705,0.0051764705882352945,43413797.85,42924992.91,43169395.38,1566500.72,20430.02251764706,1223335.92,352,0.03546672296426002,35,1.4086379140682317,3.645616427552733,0.0352089937242235,60.714285714285715,805,87,0.10807453416149068,0.031055900621118012,70089749.16,65892517.72,67991133.44,5233089.649999999,87068.01137888199,99999.0,44,0.06622842921552649,29,1.223780853694338,0.8134368814869815,0.07357532460534402,27.75862068965517,1.6144579058060915
E180,***电气有限公司,3674,129,0.03511159499183451,0.008437670114316821,64591065.95,63916500.11,64253783.03,8855867.43,17580.58409090909,998460.17,609,0.7319910706849482,38,0.729629463309677,0.9053634804995737,0.12169272114353419,96.6842105263158,2110,87,0.04123222748815166,0.0033175355450236967,78399002.41,77909795.31,78154398.86,11980004.77,37155.92531279621,99893.81,479,0.021628927769553326,38,0.7686482821774413,0.9515767525418255,0.1332743510313523,55.526315789473685,1.21377471105197
E181,***食品有限公司,3048,74,0.024278215223097113,0.010498687664041995,89824076.95,89398801.39,89611439.17,11715345.38,29469.841519028872,465811.97,374,0.06890560355273817,37,0.5144829486446896,0.631496226111909,0.11586257569798528,82.37837837837837,1571,96,0.061107574793125397,0.007001909611712286,81333204.78,81241256.3,81287230.54,11282589.95,51771.61348185869,99955.0,186,0.5212635809273077,37,0.5489585496332166,0.569375077032719,0.12194250895617084,42.45945945945946,0.9054722023503076
E182,***新材料科技有限公司,998,26,0.026052104208416832,0.0,74885411.6,74885411.6,74885411.6,11488733.99,75035.48256513025,993955.05,152,0.22157063839444366,37,0.6326505314063967,0.5385565885726218,0.13301126062114255,26.972972972972972,1078,29,0.026901669758812616,0.0,79773755.94,79773755.94,79773755.94,12500197.42,74001.62888682746,99972.31,42,0.08648957243489858,37,0.6196536784096578,0.498172359595002,0.1354683197676749,29.135135135135137,1.0652776586995485
E183,***建设工程有限公司,1461,53,0.03627652292950034,0.00889801505817933,30072901.35,27232601.11,28652751.23,1701255.67,20583.779158110883,970873.79,416,0.03285675215045453,34,1.778566264336355,35.24182473161471,0.058798095357130604,42.970588235294116,1028,101,0.09824902723735408,0.0019455252918287938,70479035.16,70112062.67999999,70295548.92,4925300.35,68559.3727237354,97087.38,42,0.7014028904006683,36,1.0917739049153312,1.2407217543072153,0.06563797221966423,28.555555555555557,2.3436061037057203
E184,***建筑装饰工程有限公司,2024,57,0.02816205533596838,0.003952569169960474,41097455.17,40141751.25,40619603.21,3803119.7,20305.066783596838,998571.43,461,0.042579581580264425,32,1.5830728040695172,1.8323702765594743,0.08654297117693549,63.25,657,18,0.0273972602739726,0.0319634703196347,58047435.18,54253696.98,56150566.08,4530882.46,88352.2605479452,99999.86,39,0.16808311512770904,30,1.6939130104833608,1.699870665805415,0.07707603768135421,21.9,1.4124338098280356
E185,***生态魔芋有限公司,68,1,0.014705882352941176,0.029411764705882353,1184823.95,710345.39,947584.6699999999,84058.75,17423.881617647057,228203.85,20,0.2429735993358231,22,2.343349490969886,37.213361354568036,0.10581358500976594,3.090909090909091,5479,37,0.006753057127212995,0.0014601204599379448,100284955.4,99018955.38,99651955.39,5223469.38,18303.514400438038,99909.09,314,0.10379370117140023,30,1.093173888977183,0.9973284720074106,0.05010886298957576,182.63333333333333,84.64122910412134
E186,***建筑劳务有限公司,989,48,0.04853387259858443,0.011122345803842264,3594312.28,3352178.1,3473245.19,224946.35,3634.2894641051566,307758.62,221,0.0626212691732117,33,1.6496803613294373,1.606742985543069,0.06288468660910022,29.96969696969697,1098,25,0.022768670309653915,0.0,85401572.41,85401572.41,85401572.41,2505748.19,77779.20984517304,99999.99,5,0.7624456976478498,31,1.3683310886203026,1.4871727283439309,0.02850443140454448,35.41935483870968,23.76019826802584
E187,个体经营E187 ,3880,186,0.04793814432989691,0.010824742268041237,79453336.1,78664400.22,79058868.16,5679488.47,20477.66394329897,999285.71,3880,0.0019070184939484764,25,1.1342439295285938,0.027929590826369834,0.06733728499138282,155.2,176,160,0.9090909090909091,0.005681818181818182,81354312.62,79716010.74,80535161.68,6704680.54,462240.4126136364,999346.68,57,0.04457791532960183,10,2.6472377138638654,10.574030989579956,0.07758188971524274,17.6,1.023925697941839
E188,***硬质合金有限公司,2561,77,0.030066380320187425,0.0011714174150722373,82164733.99,82017361.85,82091047.92,12534863.61,32083.066766887932,936752.14,370,0.06520863927421054,37,0.4589755653130377,0.04620228257973623,0.13257079406663816,69.21621621621621,2158,85,0.03938832252085264,0.004170528266913809,84892519.86,83851435.16,84371977.51,11429998.63,39338.51708063021,99846.0,246,0.0403106313766851,37,0.47250550280084047,0.1435417052526307,0.11996039706110724,58.32432432432432,1.0331989862016957
E189,***石油工程技术服务有限公司,3402,65,0.019106407995296885,0.003233392122281011,34753622.44,34736944.38,34745283.41,3937344.13,10215.644456202233,962546.65,828,0.07092563895915403,37,1.2357711218065572,0.9013864855875541,0.10180779742029183,91.94594594594595,641,35,0.054602184087363496,0.0202808112324493,54840451.769999996,52551885.769999996,53696168.769999996,4061320.47,85554.52694227769,94339.62,25,0.1395935928169366,30,1.428841225285765,2.826949885399202,0.0717380402866227,21.366666666666667,1.5779780040103353
E190,***劳务有限公司,128,6,0.046875,0.0078125,1769486.32,1575311.56,1672398.9400000002,156612.51,13824.111875,429249.96,54,0.23367481271055385,29,2.5894185381442316,3.2356408359542352,0.090426891520712,4.413793103448276,401,57,0.14214463840399003,0.034912718204488775,151174789.42000002,139049351.4,145112070.41,3808861.38,376994.4873316709,998428.57,28,0.11575356263901611,33,1.0296931364610618,-0.2625325831882543,0.026661829977290857,12.151515151515152,85.43427983099639
E191,***商贸有限责任公司,1210,33,0.02727272727272727,0.003305785123966942,262130193.14,262069025.2,262099609.17,43346118.15,216636.52325619833,7579487.18,141,0.3422022889706637,37,1.9688385275690512,-0.7937284263754425,0.14192524206413093,32.7027027027027,2871,140,0.04876349703935911,0.00034831069313827936,266728299.81,266725038.27,266726669.04,44112438.39,92904.31898641588,99995.69,103,0.34487862194213526,27,1.409654476986983,-0.6003754049036325,0.14191480018431313,106.33333333333333,1.0175413088241392
E192,***建设工程有限公司,111,13,0.11711711711711711,0.02702702702702703,20848055.8,19350441.28,20099248.54,1731492.92,187820.32252252253,999285.71,29,0.11507622164230714,21,2.109904020295489,59.2029257021402,0.08213159682473536,5.285714285714286,86,18,0.20930232558139536,0.023255813953488372,51188026.18,48982182.54,50085104.36,3161740.87,595209.606744186,970873.79,7,0.3287982599595233,17,1.8322291293540758,3.2536924857184264,0.06063488635367341,5.0588235294117645,2.455290156120937
E193,个体经营E193 ,1616,77,0.04764851485148515,0.0037128712871287127,18485508.57,18247609.75,18366559.16,2625425.16,11439.052332920792,99957.27,289,0.11450594808111442,36,0.8088293045410148,0.9347749619294544,0.12578071043910308,44.888888888888886,32311,2234,0.0691405403732475,0.011389310142056885,133208931.88,131228561.24,132218746.56,20886048.96,4122.711518677849,897435.9,2537,0.007963518840825383,36,0.6061260549382039,-0.34205327795971924,0.1373046871207116,897.5277777777778,7.206127512022245
E194,***文化传播有限公司,4849,92,0.018972984120437204,0.0022685089709218397,11741994.05,11580654.43,11661324.24,1098352.4,2421.528985357806,99000.0,918,0.15096439333939324,33,0.9143500597739995,0.5775236713244253,0.08662763690616293,146.93939393939394,11741,688,0.05859807512136956,0.033472446980666044,105435317.32,96527741.4,100981529.36,69948.3,8980.096867387785,99999.0,3264,0.0549737260522531,33,0.8869302905450018,0.7695024485434675,0.0007241198026291927,355.7878787878788,8.97933663320158
E195,***医药有限公司,2336,69,0.029537671232876712,0.02054794520547945,82068703.66,79591315.72,80830009.69,12014884.22,35132.15053938356,989723.02,513,0.10584355993282109,37,0.759176194441054,-0.14958194241877637,0.13115798087759867,63.13513513513514,4857,231,0.04756022235948116,0.018324068354951616,116178339.3,114988186.88,115583263.09,18300384.65,23919.773378628783,99623.93,402,0.05258563032185824,37,0.5751265892410298,-0.2705442308078544,0.13729897799888288,131.27027027027026,1.4156229368665527
E196,***地质制图印刷厂,1386,50,0.03607503607503607,0.006493506493506494,43193912.51,43110621.53,43152267.02,6645460.7,31164.43904040404,99999.15,154,0.1811022135157119,38,0.8048188190329875,0.166457664832687,0.13356077090798715,36.473684210526315,2962,207,0.06988521269412559,0.02937204591492235,84183790.8,79486461.52,81835126.16,11849589.64,28421.266306549627,99997.93,700,0.03744811747218229,38,0.6427476023668738,0.4404416596570716,0.12973617196611897,77.94736842105263,1.9489734989973475
E197,***医疗设备有限公司,6509,160,0.024581348901520972,0.0006145337225380243,105733384.97,105724751.85,105729068.41,15415095.41,16244.182665540022,1513274.33,805,0.09198663392393476,34,0.9555664479602951,0.7294435790962391,0.12725041147620808,191.44117647058823,4319,269,0.06228293586478351,0.012039824033341051,198616933.98,193302373.34,195959653.66,29031905.82,45986.78721463301,99999.14,1263,0.03596735468505885,34,1.0433780178691427,0.9100854974761942,0.13057773155666907,127.02941176470588,1.8784694544334704
E198,***商贸有限公司,1147,38,0.03312990409764603,0.0,60048399.99,60048399.99,60048399.99,8768611.43,52352.571918047084,782608.68,213,0.07673767019504502,37,1.0106746422895754,1.4216050968785066,0.1274192419732371,31.0,809,81,0.10012360939431397,0.06798516687268233,75565160.05,64670385.05,70117772.55,9583697.61,93405.6366501854,99998.23,42,0.12680532117513993,33,1.326560669202191,2.0192316995559083,0.12906627173461332,24.515151515151516,1.258404221637613
E199,***建筑劳务有限公司,48,1,0.020833333333333332,0.0,195622.38999999998,195622.38999999998,195622.38999999998,11696.45,4075.466458333333,47169.81,25,0.3576861294133551,18,3.373887097280982,32.92395743883249,0.0564176897767709,2.6666666666666665,820,12,0.014634146341463415,0.10975609756097561,78215966.01,60740237.61,69478101.81,2633570.1,95385.32440243903,99029.13,3,0.3705898939698923,15,2.3123353245606055,89.38580690213935,0.04155612855158203,54.666666666666664,399.8313588234967
E200,个体经营E200 ,1238,37,0.02988691437802908,0.005654281098546042,49315636.9,49260322.06,49287979.48,7457232.8,39834.92479806139,990046.75,133,0.16894121971592274,36,1.063381339423464,3.3165331941994003,0.13148015316258294,34.388888888888886,613,49,0.0799347471451876,0.01957585644371941,53435358.06,51539738.26,52487548.16,7892068.1899999995,87170.2415334421,99655.17,50,0.06724216672842062,34,1.071488294693453,3.128840873525265,0.13279199575802225,18.029411764705884,1.0835378273295706
E201,***物流有限责任公司,480,17,0.035416666666666666,0.0020833333333333333,41077587.75,41045173.59,41061380.67,4823032.28,85578.3078125,996330.28,105,0.14057429375606115,36,1.6970894438571036,5.979756250213026,0.10514979141912534,13.333333333333334,1207,123,0.10190555095277548,0.014084507042253521,55302196.34,54816986.06,55059591.2,5242381.16,45817.89257663629,99981.65,174,0.06794368085231703,37,1.4346549895940386,4.964066771424042,0.08728665323423966,32.62162162162162,1.3462863660975322
E202,个体经营E202 ,404,40,0.09900990099009901,0.0049504950495049506,12016053.88,11862917.5,11939485.69,1183337.33,29742.707623762377,533980.58,109,0.09107694072471452,34,1.2782433107568671,-0.27353943331200703,0.0907032206115508,11.882352941176471,1106,10,0.009041591320072333,0.0,100189263.19,100189263.19,100189263.19,7605959.609999999,90587.03724231465,99857.14,5,0.9033810783564522,32,1.240054687087339,-0.2770898095790896,0.07055933846077639,34.5625,8.33795056102062
E203,***建设工程有限公司,1207,65,0.053852526926263466,0.0024855012427506215,27428693.53,27132070.23,27280381.88,1961985.25,22724.683951946976,572413.79,341,0.07805303118642612,34,1.259837807517934,3.894297695006367,0.06743594929035311,35.5,637,59,0.09262166405023547,0.0031397174254317113,49150734.18,49131454.9,49141094.54,4250580.49,77159.708288854,99959.22,31,0.35121857553453856,33,1.6139254408372499,0.830449826821133,0.07962567292434594,19.303030303030305,1.791945873260118
E204,***科技发展有限公司,5217,188,0.036036036036036036,0.009009009009009009,66518267.33,64686579.77,65602423.55,9322849.16,12750.290843396588,837606.84,1213,0.022910862468106842,37,0.7610377841042091,-0.4293023899372512,0.1259683974702438,141.0,1680,341,0.20297619047619048,0.020833333333333332,117472212.62,113747296.02,115609754.32,14517333.4,69923.93608333333,99999.12,418,0.022681095313507486,37,0.7609281416958662,-0.24314018471475274,0.11318267136969833,45.4054054054054,1.7660143196035953
E205,个体经营E205 ,151,14,0.09271523178807947,0.006622516556291391,30175165.52,28399023.94,29287094.73,4228168.5600000005,199835.53324503312,990125.01,15,0.44828461613177156,27,1.11260928665571,3.78785262680905,0.1295903274546224,5.592592592592593,1008,41,0.040674603174603176,0.008928571428571428,78634378.15,77308581.51,77971479.83,12254203.19,78010.29578373017,99957.26,71,0.07962371804855548,36,0.5917373485201424,-0.09536041152969442,0.13682248973216662,28.0,2.605930300461199
E206,***建设工程有限公司,3679,122,0.033161185104648,0.0021745039412883935,80095982.17,79471138.81,79783560.49,4709517.07,21771.12861375374,1553398.05,891,0.037769449513597085,37,1.2104023032902578,0.8579236691467053,0.05594535966449874,99.43243243243244,963,50,0.05192107995846314,0.0010384215991692627,101311185.54,101248381.94,101279783.74,7319293.67,105203.72330218069,970873.79,313,0.09228893474489325,29,1.2325473175670445,0.4508702210722399,0.0674168773428712,33.206896551724135,1.2648722544530602
E207,个体经营E207 ,3386,88,0.02598936798582398,0.00383933845245127,74831141.32000001,74116944.98,74474043.15,4782703.2,22100.15987005316,999285.71,268,0.0794901653978227,31,1.5411566827209675,-0.2790257784256776,0.06061754786395043,109.2258064516129,1458,65,0.04458161865569273,0.006858710562414266,127658247.16,125998170.52,126828208.84,8831274.98,87557.0968175583,99514.56,17,0.559914277191335,32,1.4190706702957832,-0.33867289017580426,0.06549960171719316,45.5625,1.7059508235227325
E208,个体经营E208 ,976,13,0.01331967213114754,0.0010245901639344263,76536745.86,76513383.02,76525064.44,12052793.5,78418.79698770492,881817.55,44,0.32500145826520127,36,0.7899262534057571,-0.03014949911989291,0.1360879962711074,27.11111111111111,1028,131,0.12743190661478598,0.019455252918287938,89652886.05,86141653.79,87897269.92,13655041.31,87210.97864785991,99999.83,91,0.03793673983572299,35,0.7738431687726097,-0.02467594475578976,0.13682859233281364,29.37142857142857,1.1713704971725851
E209,***工程检测有限公司,8360,232,0.027751196172248804,0.0022727272727272726,47753489.69,47456584.45,47605037.07,2538032.62,5712.13991507177,999047.62,1604,0.021325989449263293,37,1.0928049203518166,1.2766100382847156,0.05076611780917077,225.94594594594594,1475,252,0.17084745762711864,0.04203389830508475,84151802.64,76481246.39999999,80316524.52,4620275.09,57052.06958644068,99183.96,574,0.014892765650874369,35,0.7993664629880399,1.313361095076761,0.056969030976437234,42.142857142857146,1.7622126296169331
E210,***建筑工程有限公司,550,14,0.025454545454545455,0.005454545454545455,6281162.25,6061446.8100000005,6171304.53,349483.48,11420.295,209316.24,154,0.10915781327113815,28,1.5640840525038708,5.543193634618086,0.05451369211503312,19.642857142857142,597,40,0.06700167504187604,0.0,57374441.38,57374441.38,57374441.38,1726737.43,96104.59192629816,99708.74,4,0.7316176467132945,18,1.7901692470025838,7.573417858333812,0.02921663264198435,33.166666666666664,9.13436703215237
E211,个体经营E211 ,418,15,0.03588516746411483,0.007177033492822967,22155269.650000002,22086364.23,22120816.94,699614.66,53003.037440191394,999523.81,108,0.4750125780844968,28,2.3100521976976256,9.421346749735099,0.030703735107339952,14.928571428571429,1636,166,0.10146699266503667,0.009168704156479218,53642541.32,52545122.68,53093832.0,3152107.68,32788.83943765281,97924.53,84,0.04730426898314987,36,0.6980723976627607,1.572642595492241,0.0565936162287837,45.44444444444444,2.421209137483912
E212,***建电管理咨询有限公司,138,5,0.036231884057971016,0.0,163391.77,163391.77,163391.77,10051.77,1183.9983333333332,39805.83,49,0.1507436624631636,29,2.06401103471022,5.389646103713329,0.05795413308561391,4.758620689655173,1681,184,0.10945865556216537,0.01189767995240928,89694329.07,87757513.77,88725921.42,5265452.29,53357.72104104699,94339.63,126,0.058834129166915564,38,1.0284364706586442,0.9228083336455865,0.05660378843009341,44.23684210526316,548.9525517105299
E213,***科技有限公司,2192,89,0.0406021897810219,0.008211678832116789,50452368.61,48069995.61,49261182.11,6146907.56,23016.591519160585,4138230.09,594,0.06273552605978705,37,0.9489008655060381,0.3880399489030248,0.11337622034084172,59.24324324324324,1270,122,0.09606299212598425,0.01811023622047244,65013855.339999996,63599401.7,64306628.52,8394906.62,51192.012078740154,99829.06,263,0.033968391582210995,37,0.7351909655274981,0.171307676439564,0.11660514304389667,34.32432432432432,1.2886184956460858
E214,***建筑工程有限公司,739,47,0.06359945872801083,0.0027063599458728013,39018314.45,39017257.85,39017786.15,2031505.77,52798.80169147497,947332.86,158,0.06128409593737346,36,1.3189431898652844,1.196039260185448,0.04949005989087084,20.52777777777778,868,155,0.17857142857142858,0.01728110599078341,79580021.92,77915163.2,78747592.56,6555442.78,91682.0529032258,970873.79,248,0.03752322585059156,37,1.0811623958849974,0.22053577395319698,0.07760620045216822,23.45945945945946,2.03955560463735
E215,***建筑工程有限公司,176,4,0.022727272727272728,0.0,219012.23,219012.23,219012.23,22729.98,1244.3876704545455,49009.43,69,0.14231588753218907,25,1.8894568325294272,4.280966252818067,0.0940256978704712,7.04,833,77,0.09243697478991597,0.0,72680138.18,72680138.18,72680138.18,2410015.28,87251.066242497,99952.38,8,0.2516393570427585,19,1.8283904147164671,0.8557078079930942,0.0320949574471678,43.8421052631579,331.8542447606693
E216,***建设工程有限公司,3445,105,0.030478955007256895,0.0049346879535558785,37274997.74,36643205.160000004,36959101.45,3173132.02,10820.028371552977,1844660.19,572,0.08919703550158595,37,0.9748132335179389,1.5504011032567004,0.0796942221393957,93.10810810810811,774,89,0.11498708010335917,0.006459948320413436,66810918.11,66280345.17,66545631.64,6493756.13,86319.01564599483,99999.99,30,0.153082789671299,32,1.2455738288858973,2.257758635531477,0.08923169113735246,24.1875,1.792378864138866
E217,个体经营E217 ,214,12,0.056074766355140186,0.0,57133448.17,57133448.17,57133448.17,8935160.78,266978.7297663551,994188.04,214,0.009644873589128777,25,0.9873977394543132,0.36080988795658697,0.13524063730117325,8.56,749,715,0.9546061415220294,0.010680907877169559,57283499.87,56054626.31,56669063.09,8817889.64,76479.97312416555,99851.29,43,0.07385480426071264,11,3.204142036840524,-0.6641474171221632,0.13592643218580147,68.0909090909091,1.0026263371948692
E218,***建设工程有限公司,1104,78,0.07065217391304347,0.0036231884057971015,44470094.74,44249289.04,44359691.89,2999997.6,40280.88291666667,873786.41,270,0.13147497655945906,36,1.9607715889594979,9.428873620888607,0.06349297128774599,30.666666666666668,232,95,0.40948275862068967,0.0,49421441.879999995,49421441.879999995,49421441.879999995,4172586.04,213023.45637931032,917431.19,71,0.4396573726055863,17,2.6175781865128576,8.903861614933968,0.07785542908303952,13.647058823529411,1.1113410522048282
E219,***品牌营销策划有限公司,4455,156,0.035016835016835016,0.00920314253647587,39126416.29,38595183.03,38860799.66,4796328.57,8782.585025813692,254858.97,760,0.029123444660049274,36,0.9681724759455697,1.5320056592727895,0.11053610241132969,123.75,623,132,0.21187800963081863,0.052969502407704656,48238360.15,43189106.97,45713733.56,5550367.02,77429.14951845906,99999.99,30,0.08110236343200265,29,1.3941457437355516,2.1654663443132747,0.11387827084754304,21.482758620689655,1.2328847035839785
E220,***文化传播有限公司,5938,230,0.03873358033007747,0.008420343550016841,60165209.57,59269632.83,59717421.2,3466282.5,10132.23468676322,970873.79,1575,0.01006396959308013,37,0.6576188203486192,0.06321184813967655,0.05525196343700179,160.48648648648648,1297,64,0.04934464148033924,0.008481110254433308,85285670.81,84697140.63,84991405.72,5081830.59,65756.1070239013,99967.18,147,0.35282719176269867,37,0.7996388658778182,0.1398093072493001,0.056603796200194414,35.054054054054056,1.4175247027233118
E221,***测绘服务有限公司,4494,65,0.014463729417000444,0.002447708055184691,35246954.77,35204892.69,35225923.73,659802.34,7843.114101023588,1079766.99,957,0.08626610482507156,29,1.6619342123707601,0.3586286793726705,0.018396987328292917,154.9655172413793,694,42,0.06051873198847262,0.020172910662824207,50280748.28,48279754.26,49280251.269999996,2896786.45,72450.64593659942,94339.62,312,0.03554875791357965,28,1.1932906242389563,1.1028651731751598,0.05660379560265905,24.785714285714285,1.4265274435224633
E222,***数码科技有限公司,4628,303,0.06547104580812446,0.02592912705272256,65554198.58,59109098.3,62331648.44,5919287.06,14164.69286516854,999047.62,934,0.02450646176115161,37,1.2399662101646443,0.559025507931662,0.0910262038220781,125.08108108108108,1376,353,0.2565406976744186,0.0188953488372093,76662057.78,74360114.78,75511086.28,7826154.6,55713.70478197675,99999.99,69,0.06747599151296703,37,1.2713210007765006,1.1121360692668563,0.09522459966901103,37.189189189189186,1.1694454274571653
E223,***科技有限公司,2624,119,0.04535060975609756,0.007621951219512195,41637563.19,41447457.09,41542510.14,5395897.92,15867.973776676828,788793.1,788,0.17497701971280333,19,1.4192952438676147,0.0,0.11519025310736385,138.10526315789474,529,52,0.09829867674858223,0.03969754253308128,37941538.81,35253500.91,36597519.86,4673168.02,71723.13574669187,99934.52,54,0.23757071637725796,17,1.5740678755161515,0.0,0.11704377412984449,31.11764705882353,0.9112334128888777
E224,***纸业有限公司,759,36,0.04743083003952569,0.006587615283267457,110187728.98,109426362.4,109807045.69,17573726.65,145174.8734914361,1941353.99,104,0.10107370136138913,37,0.7515889266074466,-0.42810510033344606,0.13837570336727256,20.513513513513512,1127,17,0.015084294587400177,0.013309671694764862,99439096.06,97216339.66,98327717.86,15744641.87,88233.44814551908,99984.62,42,0.12274866068302817,37,0.6657290380741238,-0.47955170420001736,0.13938124170617766,30.45945945945946,0.9024516339568903
E225,***物业服务有限责任公司***分公司,4332,159,0.036703601108033244,0.0110803324099723,46963294.03,46285074.089999996,46624184.06,4622156.75,10841.018935826409,108116.5,685,0.18130970329646198,38,0.4917316552837523,0.5124314580492987,0.09079568214046663,114.0,8872,557,0.06278178539224527,0.011834986474301172,76828587.04,74690363.12,75759475.08,6639616.41,8659.669413886384,94339.62,476,0.02104333210608241,38,0.7510855178856504,0.3610832360847787,0.08163799435792136,233.47368421052633,1.6359284123239344
E226,***建设工程有限公司,1047,25,0.02387774594078319,0.027698185291308502,52063816.47,48120632.77,50092224.62,5982103.45,49726.663295128936,877105.33,220,0.08920170928747446,32,1.5201575259093216,2.0014875671129455,0.11056933286469554,32.71875,554,38,0.06859205776173286,0.010830324909747292,48318457.38,47436184.62,47877321.0,4884783.71,87217.43209386282,99999.09,34,0.3963324299846764,29,1.3941837970861137,1.4822259982948864,0.09336187509356825,19.103448275862068,0.9280621486487044
E227,***安全技术有限公司,2942,164,0.0557443915703603,0.006118286879673691,55915369.77,55173195.87,55544282.82,5116711.31,19005.904068660777,899571.43,556,0.023311256598766716,35,0.809189335702074,0.6803951465013951,0.08486845558948494,84.05714285714286,742,55,0.07412398921832884,0.008086253369272238,59789188.47,59055735.01,59422461.74,4786255.02,80578.42111859839,99099.1,86,0.052290791205797243,33,0.9315633744365848,0.5079961357667588,0.07497032936709663,22.484848484848484,1.069280033663989
E228,***文化发展有限公司,2743,78,0.02843601895734597,0.0036456434560699965,31772637.080000002,31541319.54,31656978.31,3153674.3,11583.170645278893,916410.26,607,0.03017401968191847,37,0.9055178620034925,0.6895596455894614,0.09089709929171728,74.13513513513513,1176,183,0.1556122448979592,0.08843537414965986,90640675.25999999,72894641.7,81767658.48,4851278.35,77075.40413265306,99999.99,169,0.03189360781189427,37,0.949127653409375,-0.10257333110694003,0.06239913743229282,31.783783783783782,2.8527904382559353
E229,***家贸易有限公司,1621,51,0.03146206045650833,0.004935225169648365,58661710.21,58249046.95,58455378.58,8442119.51,36188.59359037631,924528.3,228,0.09083849924925033,37,0.5817885776420243,-0.04626019709100624,0.12658527295460353,43.810810810810814,862,89,0.10324825986078887,0.001160092807424594,60514325.74,60425665.06,60469995.4,9604428.52,70202.23403712297,99999.96,33,0.6607860248248274,37,0.44342693919329706,0.004418499136477032,0.13714716101340385,23.2972972972973,1.031581341958288
E230,***建筑劳务有限公司,84,1,0.011904761904761904,0.0,120798.95999999999,120798.95999999999,120798.95999999999,5036.7699999999995,1438.082857142857,9708.74,17,0.6617404043046636,26,2.2549808607650177,7.658971226861981,0.040026548898313696,3.230769230769231,676,84,0.1242603550295858,0.029585798816568046,59091772.07,55180579.27,57136175.67,1136946.95,87413.86400887574,99857.14,70,0.057991971289434195,31,1.332582260083361,0.3250452178541815,0.020188155025819242,21.806451612903224,489.1745100288943
E231,***建筑科技有限公司,695,14,0.02014388489208633,0.0,37263787.7,37263787.7,37263787.7,1901602.39,53616.96071942447,999285.71,133,0.1613033430225438,36,1.874505437469281,34.795378249867596,0.04855313289693318,19.305555555555557,408,38,0.09313725490196079,0.0,36644093.79,36644093.79,36644093.79,2942898.9699999997,89813.95536764705,99999.99,8,0.2910348522394987,24,1.4601092631833719,8.784980945065872,0.0743400487084637,17.0,0.9833700772720965
E232,***投资发展有限责任公司,828,46,0.05555555555555555,0.04710144927536232,40245791.67,35751355.99,37998573.83,2373220.61,48606.02858695653,429962.26,153,0.6083226821336458,38,2.286518490172239,0.21178543537240035,0.06224910075460352,21.789473684210527,118,5,0.0423728813559322,0.07627118644067797,65186033.71,48642121.47,56914077.589999996,2918527.19,552424.0144915255,943396.23,5,0.4899900275880442,9,3.2220011604283796,0.6253265544995159,0.056603771788157335,13.11111111111111,1.6196981350124848
E233,***劳务有限公司,727,9,0.012379642365887207,0.0,411349.77999999997,411349.77999999997,411349.77999999997,33882.97,565.8181292984868,17475.73,194,0.026007502857064754,26,1.5513586383443556,15.234339969572039,0.07610170186267745,27.96153846153846,238,15,0.06302521008403361,0.0,20482693.78,20482693.78,20482693.78,1465609.76,86061.73857142858,99999.09,3,0.8490432816999172,9,3.408699172596245,219.87417575580716,0.0667755372222267,26.444444444444443,49.79386102990016
E234,***机电设备商贸有限公司,946,27,0.02854122621564482,0.0010570824524312897,4628966.75,4628685.81,4628826.28,462653.77,4893.199524312897,485344.83,205,0.14093082027295983,29,1.3042087164606317,3.730228463711612,0.09087073504533359,32.62068965517241,604,24,0.039735099337748346,0.006622516556291391,42381975.43,41628220.71,42005098.07,6116515.66,70168.83349337749,99975.42,137,0.020855076974352352,29,1.0592368358743631,2.8224620707218406,0.12810869061250615,20.82758620689655,9.155817641161496
E235,个体经营E235 ,612,19,0.03104575163398693,0.0,14484399.33,14484399.33,14484399.33,2199045.4699999997,23667.319166666668,769230.77,122,0.5684804525635183,29,1.1756063517816078,1.3101453120248805,0.13181003661785723,21.103448275862068,1014,70,0.06903353057199212,0.0039447731755424065,43024837.85,42437893.73,42731365.79,6485150.61,42430.8065581854,99973.45,192,0.09753166084488343,35,0.8538286542602568,1.324748873847177,0.1325581982374239,28.97142857142857,2.970426102578325
E236,个体经营E236 ,204,7,0.03431372549019608,0.004901960784313725,5137564.99,5127452.93,5132508.96,347405.9,25184.142107843138,99029.13,69,0.21401856068967617,29,3.809744004656571,2.2309116116428127,0.06345476856797785,7.0344827586206895,667,149,0.22338830584707647,0.019490254872563718,61056170.910000004,58727839.050000004,59892004.980000004,4326398.72,91538.48712143929,99568.97,30,0.18140346302514448,25,1.4117465700822849,-0.14755708754478453,0.06861392466246602,26.68,11.884262491830786
E237,个体经营E237 ,1937,37,0.019101703665462055,0.053691275167785234,27094831.78,18554833.98,22824832.88,1674496.74,13988.039122354157,320388.35,325,0.25109942298483445,27,1.8957651526219883,82.18165457718708,0.08277568660956669,71.74074074074075,295,74,0.25084745762711863,0.0,23816220.669999998,23816220.669999998,23816220.669999998,2233953.09,80732.95142372881,99825.69,35,0.3121972422903413,13,2.0676700031401096,0.0,0.08575578460939985,22.692307692307693,0.8789949634446483
E238,个体经营E238 ,3899,91,0.02333931777378815,0.005898948448320082,17666280.56,17320509.2,17493394.88,1219889.41,4530.977317260836,605344.83,762,0.11087493398888358,31,1.0498093401544892,3.2170860204990652,0.06579628818455052,125.7741935483871,12084,828,0.06852035749751738,0.046756041046011255,69601052.75999999,61021162.14,65311107.449999996,3661275.66,5759.769344587884,9995.28,2259,0.00375306986292805,36,0.651719397077751,0.05450886751055002,0.056603860097554956,335.6666666666667,3.939768335706766
E239,个体经营E239 ,379,12,0.0316622691292876,0.013192612137203167,29926747.72,29809545.46,29868146.59,3980618.82,78962.39503957784,968617.86,46,0.16889622418784594,27,1.6038125970383261,3.4672264329812412,0.11780406827900748,14.037037037037036,348,42,0.1206896551724138,0.008620689655172414,30243299.2,29748471.6,29995885.4,4264852.03,86906.03218390804,99999.14,34,0.08244032732959541,24,1.4919521913674951,3.5326472843058183,0.12538768855385746,14.5,1.0105775436396134
E240,个体经营E240 ,1122,37,0.03297682709447415,0.00089126559714795,31927996.94,31927992.42,31927994.68,1600592.55,28456.325258467023,970873.79,1122,0.009844625694168269,25,1.7295938582260584,0.6752958974131018,0.04773814795441396,44.88,124,104,0.8387096774193549,0.024193548387096774,105463211.33,100803017.15,103133114.24000001,3024090.49,850509.7687903226,973902.91,6,0.4616477655735657,6,3.744908891261055,43.507795463302436,0.029126213363136696,20.666666666666668,3.303157774920533
E241,个体经营E241 ,427,12,0.02810304449648712,0.00234192037470726,6264137.76,6214223.24,6239180.5,819336.22,14670.111850117095,120337.79,112,0.09662662837027403,29,1.1920648931881448,0.7476807683718119,0.11648955619975664,14.724137931034482,794,73,0.09193954659949623,0.006297229219143577,41865515.74,41516679.66,41691097.7,6485354.54,52727.34979848867,99966.7,37,0.5584854740611669,36,0.6185947651989996,0.27915025507472596,0.13510582724429623,22.055555555555557,6.683364469941032
E242,个体经营E242 ,513,10,0.01949317738791423,0.0,18989106.07,18989106.07,18989106.07,2472663.27,37015.801306042886,466019.47,513,0.006713203599384821,25,1.7039318060044126,4.588273646046407,0.11521246132263203,20.52,263,245,0.9315589353612167,0.026615969581749048,21563052.16,20514865.4,21038958.78,2909462.02,81988.79148288973,99973.45,35,0.22345425613960357,11,2.4089494256132644,1.9966116468265371,0.1242068541748551,23.90909090909091,1.1355485656097555
E243,***科技有限公司,697,16,0.02295552367288379,0.0028694404591104736,4685998.7,4675356.5,4680677.6,308860.91,6723.097130559541,99940.0,131,0.2565734648530776,33,1.3703918421104797,0.7443134256030599,0.06196778442696382,21.12121212121212,711,34,0.04781997187060478,0.0,33316242.21,33316242.21,33316242.21,5186053.7700000005,46858.28721518988,99985.9,35,0.2068664830782189,34,1.0536690231740893,0.7414590754093724,0.13469466269476227,20.91176470588235,7.109742094038566
E244,个体经营E244 ,1151,46,0.03996524761077324,0.006081668114682885,15378846.68,15304252.34,15341549.51,2353948.78,13361.291642050392,517009.49,153,0.053760484155915084,36,0.9460790171880767,0.22574175523060508,0.13330626171959692,31.97222222222222,536,93,0.17350746268656717,0.024253731343283583,44733597.89,42312419.37,43523008.63,5400303.54,83458.20501865672,99999.99,20,0.3286866325755419,33,1.0625832807364721,-0.07257738741843435,0.11318372146118207,16.242424242424242,2.9087745538275955
E245,***建筑劳务有限公司,265,1,0.0037735849056603774,0.0,133044.08,133044.08,133044.08,15152.710000000001,502.05313207547164,9708.74,64,0.12859046773165642,30,1.311973999130442,6.948515300003843,0.10224722141417503,8.833333333333334,353,44,0.12464589235127478,0.05099150141643059,31404218.25,28103247.330000002,29753732.790000003,843097.02,88963.79107648725,97087.38,38,0.1382539176123487,22,1.5716461140554054,1.6094806179944612,0.02912620017940193,16.045454545454547,236.0437100996903
E246,***物业服务有限公司,1368,70,0.05116959064327485,0.00804093567251462,6998330.72,6926579.76,6962455.24,611050.08,5115.7388304093565,1000000.0,413,0.08417455305719002,31,1.4452694296407496,1.3095904037666344,0.0810666075372043,44.12903225806452,829,80,0.09650180940892641,0.018094089264173704,35981764.04,34439407.42,35210585.73,2083086.69,43403.816694813024,99056.6,128,0.1505687544234891,37,0.5606586994523155,0.19797861141198148,0.057035718418519586,22.405405405405407,5.1414780866486405
E247,***石化有限公司,943,28,0.029692470837751856,0.007423117709437964,12935611.22,12934533.74,12935072.48,1582277.78,13717.509247083775,263203.88,186,0.053206186205656675,38,0.9243350054026038,1.345278456025599,0.10899623363023453,24.81578947368421,359,26,0.07242339832869081,0.0,23173305.38,23173305.38,23173305.38,3449978.29,64549.59715877437,99827.59,10,0.5841802005235479,36,1.1079806914166819,2.984382858757339,0.12958500284048544,9.972222222222221,1.7914348990460767
E248,***智能科技有限公司,1511,45,0.029781601588352084,0.005956320317670417,15343409.81,15028468.43,15185939.12,1368921.21,10154.473732627399,685000.0,265,0.04457788169102115,37,1.2174981334868118,1.5310590728339013,0.08348409350843479,40.83783783783784,405,52,0.12839506172839507,0.014814814814814815,24354093.169999998,23892158.75,24123125.96,1718924.56,60133.56338271604,99999.09,125,0.08542029068673176,36,1.6908800583297128,0.6591339998079327,0.06711643311584699,11.25,1.5872673331143983
E249,***建筑工程有限公司,719,99,0.1376912378303199,0.0013908205841446453,38095940.14,38042664.28,38069302.21,1432689.07,52984.617719054244,961165.05,106,0.17233931246911408,35,2.3831591345401417,0.7538897814899397,0.03629325511787977,20.542857142857144,472,2,0.00423728813559322,0.0,52006999.17,52006999.17,52006999.17,1812132.04,110184.32027542373,970873.79,3,0.9726993627284536,11,2.170466667733824,-0.3284226213370847,0.033670778387877284,42.90909090909091,1.3651585701488873
E250,***塑料厂,439,12,0.02733485193621868,0.02050113895216401,9105038.34,9069515.16,9087276.75,1004686.58,20740.40624145786,698865.09,127,0.1880414344079871,38,0.9468503304024202,0.5612930458940711,0.09972865403427983,11.552631578947368,778,118,0.15167095115681234,0.02956298200514139,40713722.38,37982115.9,39347919.14,5849876.6,52331.2626992288,99382.04,104,0.05772652460948156,38,0.5023682892450064,0.36203830848827084,0.13346134333272666,20.473684210526315,4.471559685930988
E251,***医疗器械有限责任公司,1457,102,0.07000686341798215,0.017844886753603295,11286726.91,10331350.77,10809038.84,1162337.95,7746.552443376801,221238.94,354,0.0464174093143267,30,1.4402425774093286,8.986254600742026,0.10112836516769699,48.56666666666667,315,41,0.13015873015873017,0.044444444444444446,17402498.53,15604489.51,16503494.02,2079340.79,55246.027079365085,99391.15,138,0.12333698181631428,23,2.0067836247417516,15.321658939080189,0.11758429903051038,13.695652173913043,1.5418551958213367
E252,***印务有限公司,958,53,0.055323590814196244,0.0041753653444676405,28649718.26,28577586.36,28613652.31,4422871.15,29905.760187891443,532885.52,111,0.05392957477182697,37,0.7707754101316389,-0.07664817649444848,0.1340245403767434,25.89189189189189,541,24,0.04436229205175601,0.018484288354898338,42215276.82,40716504.22,41465890.52,5764553.6,78031.93497227356,952380.95,41,0.1316787043445534,37,1.3121862905335642,0.3472964724440066,0.12401941501253036,14.621621621621621,1.4734971016779554
E253,***钢结构工程有限公司,1237,41,0.033144704931285365,0.004042037186742118,19240862.79,19170361.85,19205612.32,1610382.48,15554.45658043654,184359.11,320,0.09629063603529886,33,1.1009555971745346,1.417861734900769,0.07749397492346705,37.484848484848484,381,63,0.16535433070866143,0.007874015748031496,28720834.53,28421904.55,28571369.54,1950809.7899999998,75382.76779527559,136721.36,113,0.034177940162214294,36,1.053386823549614,0.8111824085474051,0.06422902372709043,10.583333333333334,1.4926999294920913
E254,***设备安装工程有限公司,237,1,0.004219409282700422,0.0,3911129.35,3911129.35,3911129.35,502884.23,16502.65548523207,707964.6,39,0.27919348457522775,28,2.981484196728633,39.70968994491273,0.11392901740913991,8.464285714285714,493,37,0.07505070993914807,0.004056795131845842,40125804.38,39862515.02,39994159.7,1195875.2,81391.08393509129,97087.38,23,0.2496608960331892,33,1.0619666342938792,0.006041911871726749,0.02912620766650213,14.93939393939394,10.259390776733069
E255,个体经营E255 ,1377,46,0.03340595497458242,0.005083514887436456,13489782.39,12983561.81,13236672.1,1831180.81,9796.50137254902,868602.82,312,0.12602368922221782,34,1.388706794052183,0.1626770121132078,0.12360530702220193,40.5,639,40,0.06259780907668232,0.046948356807511735,43796551.56,40600085.48,42198318.52,6461250.4799999995,68539.20431924883,99999.99,20,0.44024164803437804,34,1.0854733283318942,0.2622356151292909,0.13729424267708357,18.794117647058822,3.246646261133646
E256,***物资有限公司,280,10,0.03571428571428571,0.010714285714285714,10688152.81,10665471.29,10676812.05,1722384.4,38171.97432142857,99987.18,54,0.08057100628690109,37,0.9240571340141309,-0.2852391435920165,0.139038138891978,7.5675675675675675,919,27,0.029379760609358,0.008705114254624592,30840569.54,30626073.1,30733321.32,4815890.99,33558.835190424375,99845.74,212,0.042667766062254926,37,0.4357554618410075,0.13615446962966868,0.13588104140534385,24.83783783783784,2.8854910748604836
E257,***门窗安装有限公司,352,15,0.04261363636363636,0.005681818181818182,16128314.68,15941749.44,16035032.06,2472565.38,45819.07579545455,557052.78,98,0.053425596738253436,29,1.410770900298026,0.4137363705255504,0.1342740907912858,12.137931034482758,361,44,0.12188365650969529,0.030470914127423823,28784109.23,27089836.57,27936972.9,3174984.74,79734.37459833795,99655.17,42,0.09702135967964066,30,1.1488849582106317,-0.06740086408536358,0.10490677303126626,12.033333333333333,1.7846941730182067
E258,***国际货运有限公司,2318,85,0.036669542709232096,0.010785159620362382,16714172.64,16199633.52,16456903.08,496796.77,7210.600793787748,274695.0,249,0.07811112876170585,38,0.7115946976088984,-0.3607877298362199,0.02975466979295249,61.0,2495,115,0.04609218436873747,0.02124248496993988,74269497.59,72438229.49,73353863.53999999,3810882.4,29767.333703406814,99999.99,196,0.15843779142858183,38,0.8805206450155072,-0.6474610758849374,0.049979367700672114,65.65789473684211,4.44350427566243
E259,***文化传媒有限公司,2462,141,0.05727051177904143,0.008935824532900082,20735307.57,20448904.79,20592106.18,1425423.76,8422.139549147036,291262.14,524,0.014596099099503384,37,0.8238245664059437,1.112872532276159,0.06516422923527863,66.54054054054055,818,111,0.1356968215158924,0.023227383863080684,36437932.43,34583151.33,35510541.88,2074989.23,44545.14966992665,99339.62,223,0.01393267582163143,37,0.649162772160897,0.7100985776034873,0.05660377745029847,22.10810810810811,1.757289218256819
E260,***广告有限公司,1365,22,0.01611721611721612,0.006593406593406593,18781601.21,18649407.05,18715504.13,2598819.19,13759.414805860806,414741.38,259,0.04275682683491087,37,0.8747657938649006,1.8749975747110144,0.1223075827904965,36.891891891891895,1588,183,0.11523929471032746,0.015113350125944584,25875667.8,25073876.24,25474772.02,3544433.83,16294.50113350126,99618.73,309,0.041861532758752734,37,1.055942766700201,3.044312501748845,0.1238519612559359,42.91891891891892,1.3777136204032947
E261,***医疗器械有限公司,1386,48,0.03463203463203463,0.006493506493506494,9121981.13,9114682.79,9118331.959999999,1297125.65,6581.515966810967,99557.52,461,0.5311699279352393,37,0.8127479415638476,1.063304275951548,0.12458216624661604,37.45945945945946,1548,181,0.11692506459948321,0.015503875968992248,18921230.61,18464469.51,18692850.06,2785303.34,12223.01718992248,97787.61,140,0.052210093977073206,37,0.7649769496535569,1.8091544044412469,0.13107449946223776,41.83783783783784,2.07424575213959
E262,个体经营E262 ,329,9,0.02735562310030395,0.0,16726775.35,16726775.35,16726775.35,2479210.38,50841.26246200608,424366.82,42,0.09295298826150902,32,1.2812287065392172,0.6993900246848109,0.12908529740951755,10.28125,692,36,0.05202312138728324,0.01300578034682081,25796261.17,25601171.61,25698716.39,3906789.73,37277.83406069365,99899.12,202,0.22177087081357283,30,1.3828228521641084,0.70926104528699,0.13239781918461738,23.066666666666666,1.5422136443053265
E263,***通信工程有限公司,496,6,0.012096774193548387,0.0020161290322580645,14500176.68,14499399.98,14499788.33,703151.48,29234.227177419354,998244.42,148,0.1987048587606223,37,2.5087688882338885,7.498563170801305,0.046252201931372375,13.405405405405405,496,92,0.18548387096774194,0.038306451612903226,33056144.71,31429666.33,32242905.52,2713084.81,66645.45304435484,99999.0,17,0.2306302161976674,36,1.1397208591519121,1.1559829624089417,0.07946298172854269,13.777777777777779,2.2797063401023334
E264,个体经营E264 ,1610,108,0.0670807453416149,0.0068322981366459624,30215473.78,29373293.12,29794383.45,4466478.37,18767.375018633542,868602.82,1610,0.0048511573438491384,25,1.4350584332797578,0.7252646141144905,0.1319890227781204,64.4,423,399,0.9432624113475178,0.04491725768321513,29713039.11,27436935.29,28574987.2,4424142.63,70243.59127659575,99999.99,15,0.521434407774229,13,1.9699840140676466,-0.12071050809346746,0.1388572803816802,32.53846153846154,0.9833716103987563
E265,***净化工程有限公司,2035,67,0.03292383292383293,0.0063882063882063885,25405970.28,25205034.4,25305502.34,2397452.53,12484.506280098281,695876.75,481,0.10875632876022048,33,1.1436257759449833,0.22059622350202515,0.08685639580520217,61.666666666666664,475,74,0.15578947368421053,0.03368421052631579,29123817.54,26643447.98,27883632.759999998,2901511.09,61313.300084210525,99300.0,67,0.08205767721578612,32,1.1380904948033654,0.7693318576756637,0.09820663765773156,14.84375,1.1463375426730602
E266,***煤矿机械有限公司,295,6,0.020338983050847456,0.006779661016949152,1401909.28,1394024.46,1397966.87,121983.96,4752.234847457627,188679.25,83,0.30975599415075517,34,1.9808120896375327,-0.3876432752550461,0.0804639066582493,8.676470588235293,484,34,0.07024793388429752,0.01859504132231405,30040345.59,28668930.79,29354638.19,4513297.45,62066.829731404956,99913.79,16,0.617567704402803,28,1.0335327561292578,0.002629088612963733,0.1360155025562563,17.285714285714285,21.428166585786492
E267,***林园艺场,192,3,0.015625,0.0,1044366.57,1044366.57,1044366.57,8311.43,5439.40921875,99970.0,42,0.33586966135637236,19,4.5071612831201024,0.0,0.007895510307995417,10.105263157894736,227,25,0.11013215859030837,0.022026431718061675,20419773.06,19823590.68,20121681.87,275148.99,89954.94740088105,99999.9,11,0.20145706641818065,14,2.0087621656412824,0.0,0.01368986287287933,16.214285714285715,19.552304379103212
E268,***建筑劳务有限公司,47,5,0.10638297872340426,0.0,6065353.0200000005,6065353.0200000005,6065353.0200000005,181374.98,129050.06425531916,776699.03,20,0.17412371657751327,12,2.585751213363123,2690.965221711589,0.0290351973064939,3.9166666666666665,360,18,0.05,0.025,28345234.95,26646588.71,27495911.830000002,1516137.19,78736.76375,99999.99,11,0.28281900396247533,20,1.421218761643425,0.018789729729787576,0.05383488783662096,18.0,4.673303409798891
E269,***节能服务有限公司,170,1,0.0058823529411764705,0.0,938200.37,938200.37,938200.37,99703.88,5518.825705882353,273504.27,69,0.1593475954455414,30,2.26846805126816,-0.7682530484803752,0.09606269557138822,5.666666666666667,223,29,0.13004484304932734,0.04932735426008968,34917775.16,33731837.92,34324806.54,5003398.94,156581.95139013452,997655.56,21,0.6858388374502815,35,1.923743234827664,-0.5161348494089639,0.12916918407091937,6.371428571428571,37.21782284097799
E270,个体经营E270 ,561,13,0.023172905525846704,0.0071301247771836,6007328.05,5949670.39,5978499.22,889888.62,10708.24964349376,99774.16,90,0.2499067263561733,36,1.064089366476391,0.03593056848182526,0.13010906385907475,15.583333333333334,415,80,0.1927710843373494,0.02891566265060241,25860901.77,25069945.61,25465423.69,3763335.58,62315.42595180723,99988.37,40,0.2686269050769176,33,0.8936797650770136,0.7395726256665529,0.13052054517143216,12.575757575757576,4.304892550357725
E271,***科技有限公司,1698,60,0.0353356890459364,0.00530035335689046,28879087.55,27974038.69,28426563.12,4266706.86,17007.707626619555,976923.08,510,0.04632594263615543,37,1.318721131397259,-0.36826791659171515,0.13233896385500923,45.891891891891895,557,117,0.21005385996409337,0.02872531418312388,49299820.45,44559301.53,46929560.99,7147062.78,88509.55197486536,946902.66,99,0.0763903635850269,37,1.5442508225239455,-0.36177766204031797,0.13822404408769773,15.054054054054054,1.707111430187828
E272,个体经营E272 ,1206,38,0.03150912106135987,0.011608623548922056,4998628.47,4744955.21,4871791.84,429248.57,4144.799726368159,109944.92,284,0.0926468432269799,36,0.8855877702415375,1.0293261064829267,0.08295934761193344,33.5,595,53,0.08907563025210084,0.05546218487394958,18165088.43,15338019.07,16751553.75,2335609.27,30529.56038655462,99137.93,74,0.15143658253124828,36,1.1618586335702656,2.329111666857043,0.13215222279592195,16.52777777777778,3.6340145179863708
E273,个体经营E273 ,1546,86,0.055627425614489,0.01164294954721863,12225229.1,11099818.34,11662523.72,574943.71,7907.651423027167,469664.29,325,0.3314099904307651,29,1.5642960932846164,0.28671999932333814,0.04924671762367953,53.310344827586206,8046,85,0.010564255530698483,0.0016157096694009445,23389951.87,23279088.47,23334520.169999998,830786.3,2907.0285694755157,9825.24,5133,0.0009719730388788189,35,0.6867985201060962,0.0006244661978954498,0.03445834156856552,229.88571428571427,1.913252641621252
E274,***建筑劳务有限公司,12,0,0.0,0.0,35569.07,35569.07,35569.07,1218.9299999999998,2964.0891666666666,22718.45,9,0.48385078091132483,7,4.3998238508665555,44.249457136541544,0.03313390235946504,1.7142857142857142,154,18,0.11688311688311688,0.012987012987012988,13276200.870000001,13082080.71,13179140.790000001,392462.23,86209.09655844157,97087.38,17,0.12952802293415763,15,2.1568685435899733,8.271162218664038,0.029126199808599963,10.266666666666667,373.2512789904263
E275,***网络工程有限公司,379,15,0.0395778364116095,0.018469656992084433,1813851.58,1798930.56,1806391.07,193178.7,4785.888073878628,305512.82,97,0.11727092397574337,34,1.8053190269011583,0.23462571791563663,0.09697194018364234,11.147058823529411,441,84,0.19047619047619047,0.05442176870748299,29745874.21,26007353.71,27876613.96,1964880.47,67450.96192743765,97087.38,48,0.07569521690699459,34,1.1030376250302751,0.2525941456262506,0.07024395896860033,12.970588235294118,16.39928786786403
E276,***体育设施工程有限公司,1040,18,0.01730769230769231,0.0009615384615384616,4591870.78,4588551.92,4590211.35,270383.8,4415.260365384615,307724.25,245,0.27284378052041164,32,2.486613936308232,20.782389358702478,0.055646712692054304,32.5,212,43,0.2028301886792453,0.03773584905660377,14981824.65,13770756.15,14376290.4,1154567.2,70668.9841981132,99933.21,23,0.14610609501708116,24,1.779732755285139,1.921950369645926,0.07735626042567446,8.833333333333334,3.262684288776959
E277,***消防设备制造有限公司,334,15,0.04491017964071856,0.005988023952095809,13161037.56,13097272.28,13129154.92,1676783.24,39404.30407185629,136785.93,81,0.08116889324804738,30,0.8319383266598278,1.0225312656716545,0.11349512242796825,11.133333333333333,271,17,0.06273062730627306,0.0036900369003690036,19396024.27,19215511.45,19305767.86,3010530.71,71572.04527675276,99561.06,36,0.7290036844205997,30,0.7208442749128563,0.2570975542340941,0.13545059837140164,9.033333333333333,1.4737458336073619
E278,***贸易有限公司,405,16,0.03950617283950617,0.0049382716049382715,12227410.22,12223455.88,12225433.05,1828259.62,30191.136345679013,157345.13,98,0.06873583610102152,36,1.3374028885711933,1.7741835002255466,0.13010935355188483,11.25,238,16,0.06722689075630252,0.008403361344537815,14272928.69,13924052.79,14098490.74,2090344.77,59970.28861344537,99833.63,39,0.1341599911632855,36,1.2041234188152599,1.6459867281556588,0.13052909184802328,6.611111111111111,1.1672895922518578
E279,***环保包装有限公司,619,19,0.030694668820678513,0.006462035541195477,18065674.09,17530317.09,17797995.59,2229747.28,29185.25701130856,156123.71,91,0.11731252609096815,30,0.9727614591757032,1.52588852635535,0.11284109394831894,20.633333333333333,526,26,0.049429657794676805,0.06273764258555133,28588747.08,24165571.24,26377159.16,368842.67,54351.23019011407,99999.67,7,0.84144934154587,29,1.2219353965346824,1.2962743496010862,0.015033685799588761,18.137931034482758,1.5824899163782047
E280,个体经营E280 ,555,11,0.01981981981981982,0.0,12356612.93,12356612.93,12356612.93,1906268.97,22264.16744144144,248377.3,104,0.09058593914721286,29,0.9566478512348288,0.5878373696919652,0.13365244018461653,19.137931034482758,588,39,0.0663265306122449,0.006802721088435374,18791942.1,18525755.86,18658848.98,2885723.1,31959.085204081635,99998.23,127,0.034885579147978886,36,0.6832937546452764,0.5956257352949409,0.13477458074666318,16.333333333333332,1.5208004172709813
E281,***商业管理有限责任公司,1062,60,0.05649717514124294,0.0,20311580.87,20311580.87,20311580.87,2001387.1,19125.78236346516,1247906.12,189,0.28516405921198984,34,0.7497869782086367,0.5216203783850601,0.08969614005142142,31.235294117647058,581,30,0.05163511187607573,0.0051635111876075735,17456528.79,17397813.19,17427170.99,1543589.93,30045.66056798623,97849.72,43,0.20546533988574947,33,0.8418906225184913,0.9782826794990683,0.08149290315088335,17.606060606060606,0.859437229515853
E282,***影城有限公司***分公司,795,43,0.05408805031446541,0.02389937106918239,13452649.99,12752687.290000001,13102668.64,959424.67,16921.572314465408,275585.32,93,0.5279321227844671,38,0.35050427044739685,0.47141299264731246,0.06996913916680127,20.92105263157895,2711,752,0.2773884175580966,0.0066396163777203985,22606377.99,22105244.31,22355811.15,1028505.77,8338.759863518995,97456.56,593,0.0929909943706305,38,0.6029556922816817,0.15797741185423161,0.04445910267221146,71.34210526315789,1.680440508509803
E283,***机械铸造有限责任公司,609,27,0.04433497536945813,0.0,15948308.76,15948308.76,15948308.76,2281595.69,26187.699113300492,99833.57,107,0.10362415127520487,37,0.6378762599882539,0.15422303823747255,0.12515675527855002,16.45945945945946,299,8,0.026755852842809364,0.0,20162181.76,20162181.76,20162181.76,3130048.38,67432.04602006689,99783.26,20,0.14976305707890497,37,0.6410732338207675,0.41093852753543086,0.1343816526449622,8.08108108108108,1.264220680914382
E284,***成焊科技有限公司,1058,51,0.048204158790170135,0.004725897920604915,11606790.02,11567591.1,11587190.56,1605183.09,10970.500964083176,99120.0,122,0.0761221579777787,38,0.5897168315610162,0.5837613551334203,0.12185611526071413,27.842105263157894,466,37,0.07939914163090128,0.004291845493562232,16928344.29,16914190.47,16921267.38,2586888.03,36326.91907725322,99829.06,127,0.3052480075373118,37,0.6188373677419748,0.860615789911333,0.1326535878515642,12.594594594594595,1.45848630507059
E285,个体经营E285 ,772,42,0.054404145077720206,0.0051813471502590676,18775128.13,18425708.23,18600418.18,2709836.85,24320.114158031087,660377.36,226,0.07893840551003287,36,1.8451132888156196,-0.251528481362477,0.12821230016746749,21.444444444444443,564,106,0.1879432624113475,0.012411347517730497,35135743.72,34277356.54,34706550.13,4288642.18,62297.41794326241,99987.93,55,0.07013962532780547,36,1.5137859974300096,0.8159642268542356,0.11120267391846243,15.666666666666666,1.8713983455515304
E286,***印务有限公司,305,15,0.04918032786885246,0.0,11789776.2,11789776.2,11789776.2,1670641.06,38655.003934426226,344827.59,81,0.08094013545935508,24,1.5524945807701456,30.910038786642346,0.12411510191178131,12.708333333333334,258,59,0.22868217054263565,0.01937984496124031,16209082.09,15723620.89,15966351.49,2242953.68,62825.89957364341,99999.34,35,0.13295701856542522,23,1.5909643038886667,56.321859206875374,0.12484036237743454,11.217391304347826,1.3748422204994868
E287,***鞋材有限公司,462,40,0.08658008658008658,0.006493506493506494,15894284.47,15675028.71,15784656.59,2432447.21,34403.21313852814,347844.83,94,0.06272341471404692,37,0.7099999890915413,0.28137576673361314,0.13433386413140677,12.486486486486486,309,42,0.13592233009708737,0.003236245954692557,17536506.55,17395806.73,17466156.64,2690637.77,56752.448381877024,88938.05,26,0.11763876934362656,37,0.588879991482546,0.3351252358709084,0.1339529138668618,8.35135135135135,1.1033215482647014
E288,个体经营E288 ,582,7,0.012027491408934709,0.001718213058419244,13539722.1,13539563.28,13539642.69,2038002.92,23264.127319587627,99994.87,126,0.1825269292060084,31,0.9958286683341715,0.6007831028642018,0.13082935381779986,18.774193548387096,308,68,0.22077922077922077,0.012987012987012988,21207415.91,20520716.73,20864066.32,3264893.48,68855.24646103896,99871.55,40,0.11896257796694619,33,1.0095453421000773,-0.024685984776299727,0.13726338955253567,9.333333333333334,1.566311018303692
E289,***运业有限公司***分公司,3335,28,0.008395802098950524,0.0026986506746626685,7768603.72,7709851.5200000005,7739227.62,709132.0599999999,2329.416407796102,290598.29,171,0.16043359387441314,38,1.0946157254290465,2.5866956990747147,0.08423012745678736,87.76315789473684,1679,112,0.06670637284097677,0.01429422275163788,22139037.84,21929616.12,22034326.98,657888.39,13185.84743299583,95904.66,405,0.07764818065661892,37,0.3931821915218762,-0.024912473953475966,0.029126209569044596,45.37837837837838,2.8498091340408855
E290,***机电有限公司,871,12,0.013777267508610792,0.006888633754305396,5413399.46,5400612.36,5407005.91,805778.19,6215.154374282434,99568.97,219,0.04491167335043435,38,1.0441019618926692,0.361867189606384,0.1298304035990774,22.92105263157895,1125,137,0.12177777777777778,0.016888888888888887,20161855.67,19806876.59,19984366.13,2932472.29,17921.649484444446,99319.46,113,0.12304312281569602,37,0.9215105002227005,0.34264377529226886,0.12896025763425467,30.405405405405407,3.724435231313967
E291,***文业建设工程有限公司,393,21,0.05343511450381679,0.022900763358778626,18318624.47,18173601.71,18246113.09,2021031.06,46612.27600508906,3840282.86,118,0.5035448307893199,29,3.3282596066849486,1.8113150688584452,0.10007763364740799,13.551724137931034,162,33,0.2037037037037037,0.012345679012345678,11948357.62,11725173.72,11836765.67,1853554.0,73755.29395061728,99997.26,31,0.943036077345019,8,3.724408463574207,111.7304869959673,0.13650424680582665,20.25,0.6522519002214144
E292,***物流有限公司,335,12,0.03582089552238806,0.0,6931707.57,6931707.57,6931707.57,659918.53,20691.664388059704,115323.16,83,0.19230048364877586,34,1.2465233949471994,8.060400541744404,0.08692716439235595,9.852941176470589,1317,39,0.029612756264236904,0.0015186028853454822,11958436.299999999,11934748.02,11946592.16,890965.16,9080.057934700075,17517.36,20,0.21010711099838575,33,0.9604532654512631,2.9644990618824103,0.06946710467448641,39.90909090909091,1.7251789951087042
E293,***物资有限公司,59,3,0.05084745762711865,0.0,8484984.81,8484984.81,8484984.81,1204975.74,143813.3018644068,834651.66,27,0.6983329798031891,23,1.8845132946172558,16.888393207617582,0.124353007814877,2.5652173913043477,117,10,0.08547008547008547,0.0,8467076.68,8467076.68,8467076.68,1252624.79,72368.17675213674,99534.48,3,0.6027967014800164,37,1.8263100840279136,10.064810973383045,0.1288748212963376,3.1621621621621623,0.9978894328745415
E294,个体经营E294 ,867,22,0.025374855824682813,0.00461361014994233,4471112.64,4431878.9,4451495.77,518660.86,5156.992664359861,98290.6,235,0.07682275834229173,30,1.4983251420692627,0.6262808392182282,0.10476854750076788,28.9,359,49,0.13649025069637882,0.002785515320334262,26583877.03,26386441.13,26485159.08,4127944.78,74049.79674094707,99829.06,47,0.07228756771272944,36,0.7906351906987007,-0.02187765986527426,0.13527864503565884,9.972222222222221,5.945696109771908
E295,***电器设备制造有限公司,854,36,0.04215456674473068,0.00117096018735363,12086476.13,12038499.63,12062487.88,1808735.91,14152.782353629978,927929.35,216,0.06210848589791745,37,1.2723350290060897,0.21127340846088474,0.1306207224377148,23.08108108108108,251,45,0.17928286852589642,0.01195219123505976,17198723.83,16926303.17,17062513.5,2624415.66,68520.81207171314,99984.42,59,0.05784219489716574,33,1.1270960307275075,0.17069652578702343,0.134236274523723,7.606060606060606,1.4229725558561126
E296,***装饰设计工程有限公司,1544,98,0.06347150259067358,0.018134715025906734,8675574.33,7417597.55,8046585.94,482790.94,5618.895291450777,98079.72,386,0.04235687237611114,28,1.4569613461162723,16.84111052140505,0.06110977208413203,55.142857142857146,252,33,0.13095238095238096,0.07539682539682539,18025099.2,14552084.56,16288591.879999999,974445.98,71528.17142857143,99999.0,19,0.36286279224472545,20,1.9475676931046353,80.60866151322361,0.06276005946657547,12.6,2.077683679992169
E297,***建筑机械租赁有限公司,50,0,0.0,0.0,10296967.85,10296967.85,10296967.85,1521992.15,205939.357,963362.07,10,0.5836009953445807,13,2.3116718473956275,1.6406723616266086,0.12877547178431942,3.8461538461538463,183,21,0.11475409836065574,0.0,15164690.59,15164690.59,15164690.59,2267095.41,82867.16169398907,99627.35,3,0.4928118906585394,14,1.8333254415686204,1.8194051249945524,0.1300552571033169,13.071428571428571,1.472733605747832
E298,***电器维护服务有限公司,909,7,0.007700770077007701,0.011001100110011002,5624897.38,5549598.92,5587248.15,283986.69,6188.005918591859,27851.72,70,0.10260084325401438,28,1.6346727703472625,148.79900906310903,0.04868132722920646,32.464285714285715,2813,377,0.13402061855670103,0.011375755421258443,18799100.03,18477734.37,18638417.2,599725.16,6682.936377532884,9708.74,263,0.2921171905236061,38,0.6303438102280665,1.2675020803161847,0.03143632196188965,74.02631578947368,3.3421231997658243
E299,***压缩天然气有限责任公司,592,22,0.037162162162162164,0.010135135135135136,25065175.26,24607361.84,24836268.55,2684131.2,42339.823074324326,884955.75,109,0.4087490727204166,38,0.8315447273775051,1.1044086614907187,0.09835047119137019,15.578947368421053,545,50,0.09174311926605505,0.011009174311926606,23727184.88,22728778.84,23227981.86,2524919.06,43536.11904587156,796460.18,279,0.29694319948716014,38,0.798626748458962,0.4395522349220801,0.09998215192080841,14.342105263157896,0.9466195481930174
E300,***建设工程有限公司,771,24,0.0311284046692607,0.0025940337224383916,15518623.06,15336850.32,15427736.69,1448493.03,20127.915771725035,154867.25,234,0.05896804643165274,35,2.139839798693046,24.66431460685397,0.0862951087622524,22.02857142857143,246,23,0.09349593495934959,0.016260162601626018,20874044.86,20160531.34,20517288.1,1864159.3299999998,84853.84089430895,99990.0,23,0.1547184868328741,19,2.038647108106562,7.59753938532206,0.08463952379313937,12.947368421052632,1.3450964547108473
E301,***企业管理咨询有限公司,3029,58,0.01914823374050842,0.00231099372730274,4296411.71,4280030.13,4288220.92,213918.05,1418.425787388577,92233.01,789,0.06271270696922882,35,0.9415104557994021,3.0456463306290833,0.047601361082005175,86.54285714285714,458,30,0.06550218340611354,0.017467248908296942,16911487.89,16560677.89,16736082.89,884374.84,36924.646048034934,97087.38,121,0.12104343024290182,34,1.3023185728207316,1.4616406271320919,0.0506948791550027,13.470588235294118,3.9361888551411663
E302,***机电设备有限公司,955,56,0.05863874345549738,0.008376963350785341,4076947.18,3958150.84,4017549.0100000002,469413.51,4269.054638743456,365010.34,237,0.09292422824575078,38,1.776157063100379,1.0352070478839228,0.10602070865440952,25.13157894736842,289,28,0.09688581314878893,0.0034602076124567475,10556723.27,10390309.47,10473516.37,1532566.64,36528.454221453285,99487.18,34,0.09361805152664278,36,0.9797926736076132,2.4328376807217147,0.12854001214644845,8.027777777777779,2.5893696444701053
E303,***图书发行有限公司,693,11,0.015873015873015872,0.001443001443001443,2822009.04,2821480.7399999998,2821744.89,349019.75,4072.163116883117,677758.62,112,0.3361284191659236,34,2.997567547164603,1.4338528016845966,0.11008348716577553,20.38235294117647,360,45,0.125,0.002777777777777778,16807218.93,16804081.51,16805650.22,80872.89,46686.71925,99999.99,48,0.10108508913869885,33,0.7241850537850169,0.9183865866861776,0.004789642191749124,10.909090909090908,5.955763674662077
E304,***环保科技有限公司,607,19,0.03130148270181219,0.0016474464579901153,17264568.48,17261816.18,17263192.33,2280871.09,28442.45219110379,379646.02,143,0.20025079639040402,37,0.9558592946453918,1.947956361345036,0.11671225448617639,16.405405405405407,1029,78,0.07580174927113703,0.0,9883187.26,9883187.26,9883187.26,1486105.72,9604.65234207969,99115.04,202,0.04426259633730485,37,0.7656989757080509,1.659256233994483,0.13071223712980612,27.81081081081081,0.5724549253257675
E305,***劳务有限公司,590,15,0.025423728813559324,0.0,19524900.76,19524900.76,19524900.76,152760.31,33093.05213559322,978833.33,164,0.39632418654997187,36,3.5150900047494007,-0.7309286156585819,0.007763133507411305,16.38888888888889,359,38,0.10584958217270195,0.005571030640668524,60630133.81,60033573.37,60331853.59,3548866.22,168886.1666016713,970873.79,5,0.3264333649078085,26,1.3793718471793304,-0.5926562052781117,0.05581519430339933,13.807692307692308,3.1052723163751432
E306,个体经营E306 ,1251,26,0.020783373301358914,0.003996802557953637,3806804.7399999998,3717601.32,3762203.03,354761.51,3043.009384492406,99568.97,340,0.23162230614700316,31,1.9965252246594207,5.990402392826845,0.08711441607966941,40.354838709677416,382,53,0.1387434554973822,0.020942408376963352,14970786.24,14122634.6,14546710.42,978416.09,39190.53989528796,99999.0,67,0.08084242856891335,34,1.198710673881878,1.6482892596718894,0.06479125923654522,11.235294117647058,3.9326383312215802
E307,***通信工程有限公司,461,9,0.019522776572668113,0.0,3088189.51,3088189.51,3088189.51,150967.91999999998,6698.892646420823,192233.01,111,0.4102891610070759,33,4.170415098926362,58.736040229640174,0.046607157343383575,13.969696969696969,115,17,0.14782608695652175,0.0,7263584.1,7263584.1,7263584.1,645553.9199999999,63161.60086956521,97087.38,10,0.334754501391599,14,3.387180512972613,31.74579787879063,0.0816212738186607,8.214285714285714,2.352052578534923
E308,***餐饮文化服务有限公司,514,27,0.05252918287937743,0.017509727626459144,8741634.19,8605501.13,8673567.66,179413.91999999998,17007.07040856031,99999.98,66,0.07031201963285603,37,1.4548467113566463,3.0649724000175746,0.02042295445987266,13.891891891891891,2015,402,0.19950372208436726,0.005459057071960298,13276889.3,13141775.56,13209332.43,394251.07,6589.026947890819,9999.0,1713,0.0012076631134844385,37,0.6002151305372081,0.5120465808198909,0.02912605602638357,54.45945945945946,1.5188109009626725
E309,个体经营E309 ,986,52,0.05273833671399594,0.014198782961460446,7272513.38,7092383.3,7182448.34,483454.5,7375.774219066937,99928.57,195,0.07789270627285312,31,1.2545919322806087,0.986798927076283,0.06381531822130616,31.806451612903224,211,39,0.1848341232227488,0.009478672985781991,15572319.78,15409490.38,15490905.08,895769.02,73802.46341232228,99082.57,41,0.08609387887534521,33,1.1875805265372728,-0.16958368145852362,0.05493742834903933,6.393939393939394,2.1412569446520564
E310,***律师事务所,1862,23,0.012352309344790547,0.004833512352309345,4599676.62,3807608.66,4203642.64,186586.26,2470.288195488722,198000.0,482,0.055870789480653583,31,1.7069576766191128,5.070603940622494,0.0467143601494541,60.064516129032256,997,59,0.05917753259779338,0.03009027081243731,12850188.52,12080004.84,12465096.68,483757.32999999996,12888.855085255767,97087.38,456,0.022536220311111587,31,0.8525448227565682,1.3589413328668878,0.038504177606539326,32.16129032258065,2.7937156416878715
E311,***律师事务所,2544,30,0.01179245283018868,0.008647798742138365,2092022.94,2067490.98,2079756.96,154267.22,822.3360613207547,62663.72,348,0.0492063103130731,27,1.011953548242825,3.7735038549592224,0.0694347476696609,94.22222222222223,467,56,0.11991434689507495,0.04068522483940043,13243289.78,11933029.58,12588159.68,357990.47,28358.222226980728,97087.38,134,0.044592876497461555,26,1.081478441780674,2.467991436945152,0.029126180621599423,17.96153846153846,6.330375029252786
E312,***家居用品有限公司,4652,219,0.04707652622527945,0.006878761822871883,81219831.37,79087810.35,80153820.86,10726326.14,17459.121102751506,884955.74,908,0.06054102622879067,37,0.7909498381106991,2.1633683825197254,0.11942803838229053,125.72972972972973,683,17,0.024890190336749635,0.021961932650073207,13638205.56,12700967.88,13169586.72,2007313.0,19968.090131771598,99913.79,192,0.15414297679223365,37,0.6600507671834537,0.1284568037803387,0.13647502494526742,18.45945945945946,0.16791718635650252
E313,***物流有限公司,331,6,0.01812688821752266,0.015105740181268883,7311410.18,7268359.72,7289884.95,1094135.86,22088.85250755287,306896.55,63,0.19017539552231127,38,0.7243494065750417,0.02673882436459058,0.13083843806348536,8.710526315789474,297,18,0.06060606060606061,0.026936026936026935,14851571.85,14139592.71,14495582.28,1432119.35,50005.29242424242,99732.54,29,0.20053793366436534,37,0.7474601206059955,0.1483363123711256,0.09196929306693076,8.027027027027026,2.031286917895229
E314,***房地产营销策划有限公司,1249,12,0.009607686148919135,0.03122497998398719,3007029.88,2981986.12,2994508.0,121726.14,2407.549943955164,194174.76,233,0.3331864627243329,32,2.351172789398242,49.613091795742776,0.039219531258996285,39.03125,127,17,0.13385826771653545,0.015748031496062992,8708243.76,8415581.62,8561912.69,254353.38,68568.848503937,98415.53,5,0.2885470314874433,31,1.2398238214520618,2.451882687326884,0.0293374033369339,4.096774193548387,2.895961831945614
E315,***轮胎有限公司,388,12,0.030927835051546393,0.010309278350515464,2693777.09,2539692.83,2616734.96,364761.85,6942.724458762887,129380.53,95,0.06850380270739155,37,1.2595800880959924,0.8118014325682315,0.1255870344652787,10.486486486486486,1580,47,0.029746835443037974,0.0018987341772151898,11755385.24,11721213.12,11738299.18,1821858.1,7440.117240506329,9999.14,141,0.14265893916116848,37,0.5418732596414512,0.3685606098583929,0.1345232606699679,42.7027027027027,4.363904230843392
E316,个体经营E316 ,767,13,0.01694915254237288,0.003911342894393742,2574036.96,2563049.9,2568543.43,306718.55,3355.980391134289,318690.26,185,0.087519664538466,36,1.621620049603209,3.6102577524245048,0.10687919786699167,21.305555555555557,456,52,0.11403508771929824,0.02850877192982456,12967737.22,12084765.12,12526251.17,1776276.47,28438.020219298247,99993.57,23,0.49046547738087715,33,1.4542259280957965,2.4659899886047705,0.12814884498156967,13.818181818181818,5.037898608884
E317,***科技有限公司,354,7,0.01977401129943503,0.00847457627118644,1797927.73,1796837.17,1797382.45,116960.3,5078.891892655367,316981.13,107,0.10145745171350112,31,1.8288686287661515,4.106858211880359,0.061114251551393266,11.419354838709678,209,38,0.18181818181818182,0.04784688995215311,7554214.16,6948819.18,7251516.67,445918.79,36144.56535885167,94339.62,35,0.0843341803490159,25,1.5245969907650834,16.07515194644274,0.06030217592686384,8.36,4.201622809388451
E318,***商贸有限公司,300,3,0.01,0.006666666666666667,1369786.38,1195469.02,1282627.7,90632.42,4565.9546,97217.96,25,0.3041473689220323,38,1.3925002591302655,1.3446459723122686,0.07047066209645174,7.894736842105263,409,60,0.1466992665036675,0.004889975550122249,12969640.18,12911418.38,12940529.28,2021694.44,31710.611687041564,96172.0,17,0.19616425061435933,38,0.4376430663930376,0.34484513233077596,0.13538332324740315,10.763157894736842,9.468367016468656
E319,个体经营E319 ,182,6,0.03296703296703297,0.005494505494505495,7638072.61,7624480.37,7631276.49,1184563.21,41967.431923076925,98666.67,37,0.08944267074054997,30,1.1738238507978125,0.46947958579518495,0.13447126231608447,6.066666666666666,742,51,0.06873315363881402,0.008086253369272238,14985272.64,14883733.44,14934503.04,2377074.14,20195.785229110512,99314.53,177,0.033330162736532894,36,0.6191621289911253,-0.16662252628692062,0.1377151172668365,20.61111111111111,1.96191806561001
E320,***建筑设计有限公司,244,13,0.05327868852459016,0.0,6814313.2299999995,6814313.2299999995,6814313.2299999995,71984.89,27927.513237704916,5330000.0,77,0.6241768879704673,30,5.113929013246214,72.38845766077522,0.010453350805555888,8.133333333333333,98,6,0.061224489795918366,0.0,9018084.95,9018084.95,9018084.95,541085.36,92021.275,94339.62,6,0.42885591336370965,6,3.3912301511334846,0.0,0.05660379954042266,16.333333333333332,1.3234033490415291
E321,***生物流有限公司,63,1,0.015873015873015872,0.015873015873015872,5458974.96,5370699.1,5414837.03,819584.35,86650.3961904762,273586.18,15,0.6693504019918967,33,0.7331335174692862,0.8649802094931642,0.13239851722783388,1.9090909090909092,427,62,0.1451990632318501,0.01405152224824356,13348520.71,12733713.59,13041117.15,1262115.52,31261.17262295082,99099.1,128,0.035552039325175325,37,0.9115087566838419,1.0267676203757274,0.09017797445799194,11.54054054054054,2.445243073619081
E322,***装饰工程设计有限公司,904,20,0.022123893805309734,0.01327433628318584,9704447.24,9642730.76,9673589.0,1264708.5,10735.008008849558,499642.86,231,0.08521186064847867,30,1.075420475841525,1.7101875881403543,0.11594916733920918,30.133333333333333,880,48,0.05454545454545454,0.05,14084426.1,10939325.34,12511875.72,1304405.96,16005.02965909091,94339.62,14,0.2264948564161709,29,1.7213788886514114,2.501073608216408,0.10653663724227597,30.344827586206897,1.4513372839976406
E323,***建筑装饰工程有限公司,501,33,0.0658682634730539,0.007984031936127744,5060441.0600000005,4609565.64,4835003.35,388601.61,10100.680758483035,99999.99,147,0.06596250938063922,26,2.3965064155308857,41.54554565894553,0.07774882083027533,19.26923076923077,165,48,0.2909090909090909,0.0,6982099.1899999995,6982099.1899999995,6982099.1899999995,616934.4099999999,42315.75266666666,91743.12,15,0.38532131945265996,16,2.2798489596535396,374.45451555333983,0.08118590369175364,10.3125,1.3797412334647365
E324,***汽贸有限公司,1621,52,0.032078963602714373,0.003701418877236274,82661443.57,82585280.67,82623362.12,13048189.21,50994.1046082665,422946.54,82,0.2581222102093578,37,0.5630302822476779,-0.026091315142770948,0.1364395668835686,43.810810810810814,416,77,0.18509615384615385,0.014423076923076924,17467345.19,17089100.93,17278223.06,1546116.11,41988.81055288462,99397.69,43,0.32911244683360025,37,0.8076755374356965,-0.44889737605581465,0.08296743239863012,11.243243243243244,0.21131188176272497
E325,***通讯器材有限公司,530,17,0.03207547169811321,0.022641509433962263,32027118.58,32024921.16,32026019.87,4380325.4,60428.52562264151,977518.4,63,0.5653068226171805,37,0.5867286646219854,1.2417563818393569,0.12032126723220303,14.324324324324325,4180,179,0.042822966507177034,0.006937799043062201,12905439.84,12632810.98,12769125.41,1689879.63,3087.425799043062,99999.0,1519,0.15047828830814947,38,0.5333300769951781,-0.038151440935350674,0.11798618541827177,110.0,0.40295350978152217
E326,***包装材料有限公司,286,16,0.055944055944055944,0.0,9462525.45,9462525.45,9462525.45,1488504.8,33085.75332167832,99422.3,38,0.09289337871208735,33,0.7659003602364195,0.2575901011781184,0.13592372279311346,8.666666666666666,198,17,0.08585858585858586,0.0,12194755.07,12194755.07,12194755.07,1913894.22,61589.67207070707,99893.16,36,0.18766654366562166,33,0.8403661685245176,0.31884258967284385,0.13565396521384507,6.0,1.2887421158798575
E327,个体经营E327 ,480,14,0.029166666666666667,0.0,11557876.2,11557876.2,11557876.2,1748050.91,24078.90875,99502.9,61,0.1953042198470919,30,1.220162524044864,-0.22895168938278532,0.13137385283632447,16.0,271,20,0.07380073800738007,0.0036900369003690036,19209263.95,19166453.95,19187858.95,3092187.15,70882.89280442805,99922.41,7,0.8440519801148518,36,0.7489967559749172,-0.46013806703470905,0.13892075154578953,7.527777777777778,1.662006377088552
E328,***科技有限公司,465,18,0.03870967741935484,0.010752688172043012,2786111.9,2782471.34,2784291.62,354886.83,5991.638494623656,99137.93,93,0.22907208183474045,29,2.3399051161018134,23.00950735892266,0.11311645364354432,16.03448275862069,164,20,0.12195121951219512,0.024390243902439025,10347304.61,9554580.53,9950942.57,894575.05,63093.32079268292,99623.33,44,0.08947419868697574,26,1.642725538599852,3.6649113429491336,0.08561218589875758,6.3076923076923075,3.713886944024036
E329,***园艺有限责任公司,5,0,0.0,0.0,1251.8899999999999,1251.8899999999999,1251.8899999999999,75.11,250.378,282.08,4,0.29344909650527684,4,3.4001764337807,0.8354737152046386,0.056601356443104746,1.25,129,5,0.03875968992248062,0.0,11443130.35,11443130.35,11443130.35,0.0,88706.43682170543,99992.0,16,0.23308438604292986,18,1.520162731061895,1.5242924423187363,0.0,7.166666666666667,9140.683566447531
E330,***酒店管理有限公司,1374,30,0.021834061135371178,0.004366812227074236,2904983.19,2891276.55,2898129.87,181089.33,2114.2526855895194,43025.64,235,0.08132030939597133,34,0.8872556157474689,2.306760572741192,0.05894132960492322,40.411764705882355,7833,60,0.0076599004212945234,0.004340610238733563,8393164.379999999,8344504.18,8368834.279999999,250340.06,1071.5133895059364,9707.77,1421,0.24869482390711625,38,0.5922647781772792,1.0592363365177284,0.02912677100475296,206.1315789473684,2.8892299304492703
E331,***广告有限公司,144,5,0.034722222222222224,0.006944444444444444,1268775.67,1265768.59,1267272.1300000001,79014.63,8810.942152777778,247572.82,77,0.10241746594438501,32,1.9808354753162558,-0.09991916050982215,0.05875640685046621,4.5,95,7,0.07368421052631578,0.031578947368421054,6523725.2299999995,6302781.83,6413253.53,378166.92,68670.79189473683,94339.62,13,0.2831891954078502,24,2.1737730277481444,0.3481377411315744,0.05660377502521629,3.9583333333333335,5.141748367542388
E332,***商贸有限公司,837,20,0.023894862604540025,0.005973715651135006,18616404.57,16836139.15,17726271.86,2319160.53,22241.82146953405,810814.44,208,0.19592770442231694,37,1.4017449584362025,-0.3496088769221522,0.12107148250055463,22.62162162162162,388,10,0.02577319587628866,0.007731958762886598,31389448.82,31121665.44,31255557.13,5133500.59,80900.6412886598,99888.89,6,0.7745133021433406,26,1.7329512968964298,-0.8080061747840676,0.14159363070499223,14.923076923076923,1.6861176765885035
E333,***房地产营销策划有限公司,849,5,0.005889281507656066,0.005889281507656066,1332174.45,1329261.91,1330718.18,112949.69,1569.110070671378,329911.5,185,0.11607929630148042,31,1.9348362449446388,4.820710753279567,0.07831700285866512,27.387096774193548,137,10,0.072992700729927,0.0072992700729927005,7765681.98,7738982.96,7752332.470000001,232169.4,56683.8100729927,97087.38,6,0.6307018571411711,29,1.07843232262661,1.4047946445295627,0.02912620277653305,4.724137931034483,5.82932811840071
E334,***机械科技有限公司,150,3,0.02,0.0,5469586.86,5469586.86,5469586.86,851977.87,36463.9124,99794.82,25,0.4105760445930788,31,1.3515802500241705,1.3099057916782715,0.1347732573166264,4.838709677419355,197,12,0.06091370558375635,0.030456852791878174,8560311.49,8293002.83,8426657.16,1302131.14,43453.35781725888,99995.74,20,0.6040747439622872,29,0.9762235683885684,1.183452960558611,0.13570744755323097,6.793103448275862,1.565074604190489
E335,***挖掘机租赁经营部,439,8,0.018223234624145785,0.0,3649255.35,3649255.35,3649255.35,407542.66,8312.654555808656,194690.27,59,0.41065310212077294,19,3.7667582220564375,12284.596289986752,0.10045919441771763,23.105263157894736,340,68,0.2,0.0,5929203.350000001,5929203.350000001,5929203.350000001,612619.24,17438.833382352943,88495.58,11,0.34018456759145455,18,1.9020217661786003,5.80065496113852,0.09364656891436733,18.88888888888889,1.6247707494626267
E336,***猕猴桃专业合作社,7,0,0.0,0.0,262083.75,262083.75,262083.75,54.25,37440.53571428572,111886.0,4,0.9922694868703891,5,4.500077043740014,535.6628372140732,0.00020695206341697886,1.4,53,5,0.09433962264150944,0.0,2888366.5,2888366.5,2888366.5,2612.1099999999997,54497.481132075474,99897.0,19,0.3763654412924221,11,4.788737440620751,33.03963290237322,0.0009035383350691757,4.818181818181818,11.020776755521851
E337,个体经营E337 ,69,3,0.043478260869565216,0.0,297419.97000000003,297419.97000000003,297419.97000000003,25247.809999999998,4310.434347826087,90576.42,35,0.27164133421611175,24,2.4998077495337245,-0.467504814479076,0.07824707505657985,2.875,754,76,0.10079575596816977,0.009283819628647215,13197948.02,12994088.84,13096018.43,1573836.91,17503.909840848806,99716.24,99,0.057454067655971025,36,0.699620649120887,-0.44192482372604724,0.10803438574637161,20.944444444444443,44.37478767817776
E338,***商贸有限公司,252,1,0.003968253968253968,0.007936507936507936,597721.28,588726.58,593223.9299999999,34322.03,2371.9098412698413,31682.06,89,0.08767202913560795,31,1.5759228088182222,0.9376916571531652,0.055087242711287,8.129032258064516,89,7,0.07865168539325842,0.0,7976163.78,7976163.78,7976163.78,345989.49,89619.81775280899,97087.38,4,0.3054497919689083,30,1.4213583594051693,0.363266937642442,0.04157451548594226,2.966666666666667,13.344286119443497
E339,***居益卫浴家俬厂,126,0,0.0,0.0,2892673.65,2892673.65,2892673.65,440105.95,22957.72738095238,98460.68,32,0.1792940256794794,23,1.7108990819054184,0.9631420269538877,0.13205372176425947,5.478260869565218,176,8,0.045454545454545456,0.022727272727272728,4389871.41,4109837.67,4249854.54,626376.1,24942.45119318182,87610.63,36,0.12384709274769884,20,1.48154562725052,5.555045384940584,0.13225249754721272,8.8,1.5175826730402167
E340,***物流有限公司,11,1,0.09090909090909091,0.0,33895.0,33895.0,33895.0,2775.0,3081.3636363636365,11983.69,4,0.9220227591324274,8,3.940520831107803,-0.5413541084514693,0.07567493864194164,1.375,164,27,0.16463414634146342,0.06707317073170732,10185851.93,8360609.21,9273230.57,250818.19,62108.85323170732,97087.38,47,0.0801407914457512,32,1.7751640462246356,0.057252294715238655,0.029126203862555933,5.125,300.51193184835523
E341,***纺织品有限公司,53,0,0.0,0.0,1434811.7,1434811.7,1434811.7,210257.54,27071.918867924527,97627.12,15,0.8934824588932004,15,2.5543314721332386,0.0,0.12781075403245643,3.533333333333333,75,6,0.08,0.0,3700509.66,3700509.66,3700509.66,559450.34,49340.1288,93193.97,26,0.08039992197137881,15,1.7182857859082958,0.0,0.13132760401506116,5.0,2.579090803343742
E342,***裕华机械厂,263,18,0.06844106463878327,0.0038022813688212928,2327899.69,2327094.27,2327496.98,342860.35,8851.329619771863,98307.69,55,0.09505148971945572,38,1.3128545326721783,0.5259743894495506,0.1284142986669938,6.921052631578948,159,27,0.16981132075471697,0.006289308176100629,5949510.6,5930717.5,5940114.05,911513.7,37418.30566037736,97507.08,23,0.23911640027896794,34,0.7870912979173489,0.7795779304034611,0.1332187810315442,4.676470588235294,2.5557418240817755
E343,***五金工具经营部,3,0,0.0,0.0,792.4499999999999,792.4499999999999,792.4499999999999,47.55,264.15,264.15,1,1.0,3,3.603239283385622,1.0,0.056607142857142856,1.0,433,32,0.07390300230946882,0.023094688221709007,2891461.88,2762432.18,2826947.03,82957.53,6677.741062355658,9999.8,29,0.41556144228912534,37,0.7436485648175282,1.1698309330334296,0.02915506783076122,11.702702702702704,3648.7625465329043
E344,***机械有限公司,121,3,0.024793388429752067,0.01652892561983471,1634523.32,1420974.66,1527748.99,194535.23,13508.457190082645,104137.93,51,0.2611898074351847,31,1.926380273272873,0.4055086116500193,0.12041723248131896,3.903225806451613,93,5,0.053763440860215055,0.053763440860215055,2880573.64,2407484.28,2644028.96,371637.72000000003,30973.910107526885,94358.97,54,0.09796441574379414,37,1.3653538432685324,0.5272109635758186,0.13372486706233122,2.5135135135135136,1.7623325435332424
E345,***科技有限公司,253,4,0.015810276679841896,0.0,587208.15,587208.15,587208.15,78545.99,2320.9808300395257,73418.81,105,0.08790493565392286,34,1.2267244652889375,0.23575219689929428,0.11798047549505288,7.4411764705882355,87,12,0.13793103448275862,0.0,2592384.57,2592384.57,2592384.57,308005.43,29797.523793103446,99137.93,23,0.18317462598194428,27,1.3437973244410608,1.1912641005159517,0.10619448763786939,3.2222222222222223,4.414762584613309
E346,个体经营E346 ,496,9,0.018145161290322582,0.014112903225806451,2475615.97,2359028.11,2417322.04,361364.81,4991.16122983871,99145.3,92,0.10807101505087983,36,0.7701985700645954,0.018592968256123173,0.13283552068647494,13.777777777777779,645,40,0.06201550387596899,0.0031007751937984496,2585404.41,2577758.13,2581581.27,404976.84,4008.3789302325586,9989.21,108,0.04359137652359742,36,0.8445863314431867,0.10000133152357374,0.13577365876392297,17.916666666666668,1.0443479284874706
E347,***不锈钢材料有限公司,87,2,0.022988505747126436,0.0,980033.03,980033.03,980033.03,148894.55,11264.747471264369,54000.0,34,0.08615452650940793,36,0.9052112451400957,-0.20906554560677051,0.13189025818644629,2.4166666666666665,210,40,0.19047619047619047,0.0,2210455.94,2210455.94,2210455.94,354594.72,10525.980666666666,84789.06,40,0.06473097846967532,36,1.0704819230042895,-0.08484007378804204,0.13824082523188838,5.833333333333333,2.2554912664525193
E348,***酒店管理有限公司,200,8,0.04,0.025,825018.92,794499.62,809759.27,20434.49,4125.0946,63083.45,33,0.1515343970265823,32,1.224032397333304,0.9367529912726158,0.025075021095877312,6.25,4269,219,0.05130007027406887,0.007730147575544624,2429330.35,2375709.13,2402519.7399999998,71275.09,569.0630944014993,990.29,1010,0.0507118724363712,34,0.6093875030949039,0.526769384661208,0.029127727681055496,125.55882352941177,2.94457531955752
E349,***营销策划广告有限公司,9,0,0.0,0.0,6878.61,6878.61,6878.61,567.4399999999999,764.29,2500.0,7,0.2551104731306268,6,3.268623891271584,9.047491327251702,0.07620684792608161,1.5,39,0,0.0,0.0,3329073.81,3329073.81,3329073.81,99872.19,85360.86692307693,97087.38,2,0.5118979284901616,6,2.5645736866319226,-0.355526494009833,0.029126206711916725,6.5,483.9747870572689
E350,***演艺设备有限公司,629,6,0.009538950715421303,0.001589825119236884,413947.1,411821.24,412884.17,36156.46,658.1034976152623,56752.14,140,0.08256881653625561,31,1.7579642113708547,2.3734258892774442,0.08071040143292847,20.29032258064516,60,8,0.13333333333333333,0.016666666666666666,1743044.87,1710035.1700000002,1726540.02,53367.83,29050.747833333335,97087.38,33,0.11692895745438285,26,1.831040460406742,6.298397432523004,0.030264114328942392,2.3076923076923075,4.210791354740739
E351,***文化传播有限公司,101,1,0.009900990099009901,0.009900990099009901,303711.37,300609.65,302160.51,10864.4,3007.043267326733,83592.23,46,0.4815654708567665,24,4.480364655271198,45.26403406708844,0.034880594386594965,4.208333333333333,60,8,0.13333333333333333,0.0,1316222.56,1316222.56,1316222.56,39486.54,21937.042666666668,97087.38,15,0.16902807365810185,21,1.8310052188158918,55.76933128371196,0.029126115624657237,2.857142857142857,4.333794154627797
E352,***居装饰工程有限公司,743,8,0.010767160161507403,0.016150740242261104,14661945.33,13822580.09,14242262.709999999,1003046.83,19733.43920592194,825112.57,53,0.12035955834326881,36,0.8438480439542312,0.6982875708773236,0.06765628431178679,20.63888888888889,52,5,0.09615384615384616,0.0,2883833.99,2883833.99,2883833.99,86515.01,55458.34596153846,97087.38,41,0.03891162104445255,24,1.1570428235085695,-0.21061074098472388,0.02912621042173832,2.1666666666666665,0.19668836058877873
E353,***税务师事务所有限公司,234,10,0.042735042735042736,0.004273504273504274,370312.36,357364.78,363838.57,17391.0,1582.5314529914529,11000.0,105,0.06983052399331428,31,1.0994373473013568,0.5253493317005109,0.046406222206899654,7.548387096774194,80,12,0.15,0.05,3711213.05,3415753.09,3563483.07,105813.55,46390.163125,97087.38,25,0.06358060214418908,20,1.3905451683596546,-0.19822713321914542,0.030047294518896282,4.0,10.02184493652872
E354,***广告有限公司,67,2,0.029850746268656716,0.0,606545.29,606545.29,606545.29,75034.70999999999,9052.914776119404,99115.04,11,0.37383757240611704,21,1.8738658709382396,1.2275063512238265,0.1100893658851492,3.1904761904761907,323,30,0.09287925696594428,0.021671826625386997,2554815.4899999998,2428586.87,2491701.18,73358.61,7909.645479876161,28548.54,66,0.1184036852334753,31,1.3240211302126699,0.6772573515647679,0.029320626922693774,10.419354838709678,4.212077040446559
E355,***地毯经营部,4,1,0.25,0.0,1010052.1000000001,1010052.1000000001,1010052.1000000001,50507.899999999994,252513.02500000002,504761.9,2,0.9989544624940849,2,6.39969407425797,0.0,0.0476238025194237,2.0,279,16,0.05734767025089606,0.0,1254329.47,1254329.47,1254329.47,37650.340000000004,4495.804551971326,9707.77,107,0.03881951912955255,26,0.9971584424754553,3.9055382106406613,0.02914158542462053,10.73076923076923,1.2418463067400185
E356,***建材装饰部,3,0,0.0,0.0,16128.3,16128.3,16128.3,31.7,5376.099999999999,15600.0,2,0.9366337482349478,3,6.189869762073973,-0.9833492497234331,0.0019616336633663366,1.0,191,2,0.010471204188481676,0.0,1515361.66,1515361.66,1515361.66,45873.3,7933.830680628272,9708.05,4,0.8439261945611489,27,1.0926164186420162,2.236502559883311,0.029382700986916154,7.074074074074074,93.95668855366034
E357,***家居经营部,10,0,0.0,0.1,62946.32,62418.02,62682.17,4097.18,6294.632,14150.94,5,0.5893918765982433,8,2.809958062675693,1.2374148746694893,0.06159764986048302,1.25,154,10,0.06493506493506493,0.0,1427155.58,1427155.58,1427155.58,42814.44,9267.244025974027,9708.74,15,0.22644110813454021,24,1.077779882192313,3.2490036006721543,0.029126063400939293,6.416666666666667,22.672581653701123
E358,***五金经营部,2,0,0.0,0.0,528.3,528.3,528.3,31.7,264.15,264.15,1,1.0,2,4.470738194079362,0.0,0.056607142857142856,1.0,301,42,0.13953488372093023,0.11295681063122924,2551104.39,1943715.19,2247409.79,58311.39,8475.429867109635,9910.53,26,0.16864644885051658,26,1.1290826530779288,0.4824944691680984,0.029126181731313476,11.576923076923077,4828.893412833618
E359,***厨房用品经营部,2,0,0.0,0.0,528.3,528.3,528.3,31.7,264.15,264.15,1,1.0,2,4.470738194079362,0.0,0.056607142857142856,1.0,243,19,0.07818930041152264,0.012345679012345678,1340486.68,1308797.08,1324641.88,39263.94,5516.406090534979,9707.77,36,0.09510735168133795,24,1.1697557342919571,3.722196942721467,0.02912623346975792,10.125,2537.3588491387472
E360,***建筑劳务有限公司,3,0,0.0,0.0,792.4499999999999,792.4499999999999,792.4499999999999,47.55,264.15,264.15,1,1.0,2,4.72463990397387,0.0,0.056607142857142856,1.5,35,6,0.17142857142857143,0.0,3097442.89,3097442.89,3097442.89,92923.22,88498.36828571428,99029.13,2,0.7335986931254543,5,3.5832559984999057,-0.6794272601169016,0.029126193294474283,7.0,3908.691892232949
E361,***勘察设计工程有限公司,174,3,0.017241379310344827,0.0,3359845.37,3359845.37,3359845.37,94597.23,19309.45614942529,224271.84,12,0.215321807965197,20,1.6253544795346937,-0.4722440331248345,0.02738422401344865,8.7,118,28,0.23728813559322035,0.0,5523458.3,5523458.3,5523458.3,318219.3,46808.9686440678,97087.38,30,0.1031481163915358,23,1.922518052869267,-0.09915256839257872,0.05447395796029551,5.130434782608695,1.6439620553132777
E362,***建材有限公司,126,4,0.031746031746031744,0.031746031746031744,503405.72,462651.0,483028.36,44974.8,3995.283492063492,86641.03,61,0.11719105799510478,31,2.547646255125278,-0.8065640198891029,0.088598333654436,4.064516129032258,105,10,0.09523809523809523,0.0380952380952381,5105442.75,4668776.73,4887109.74,140063.27,48623.264285714286,97087.38,14,0.18090276878171926,17,2.766700450433703,-0.7160782933986459,0.029126207151828714,6.176470588235294,10.141805202372353
E363,***建筑工程设计有限公司,99,6,0.06060606060606061,0.04040404040404041,208750.49,207411.33,208080.91,8153.11,2108.590808080808,29135.92,38,0.0976011511340201,25,2.1969028068483865,0.9612992747172757,0.03782214728922822,3.96,39,9,0.23076923076923078,0.0,1540336.74,1540336.74,1540336.74,47070.5,39495.81384615385,94845.12,11,0.2251041635986184,11,1.9844603417779954,9.983527931098582,0.02965244129792428,3.5454545454545454,7.378841314336555
E364,***电子有限公司,140,0,0.0,0.03571428571428571,464945.03,433344.43,449144.73,40749.520000000004,3321.035928571429,18965.52,23,0.18585737483870107,38,1.703942198905179,0.2710148538512194,0.08595241512784545,3.6842105263157894,335,27,0.08059701492537313,0.01791044776119403,2258755.18,2181148.36,2219951.77,345348.74,6742.5527761194035,9978.63,57,0.04160098303015113,33,1.017111515266153,-0.036838263024418595,0.13669073279363747,10.151515151515152,4.85811232351489
E365,***信息技术有限公司,130,4,0.03076923076923077,0.007692307692307693,1924084.45,1905216.53,1914650.49,229001.03,14800.649615384615,99637.17,34,0.5444146436070175,30,4.855963682100515,5.195612532789871,0.10729975907423421,4.333333333333333,88,12,0.13636363636363635,0.0,4032581.63,4032581.63,4032581.63,407937.39999999997,45824.79125,99823.01,17,0.2684989317219806,24,3.1124617512364,4.068348241601781,0.09186705365836478,3.6666666666666665,2.0958444053742027
E366,***房地产经纪有限公司,21,0,0.0,0.0,361648.44,361648.44,361648.44,18412.870000000003,17221.354285714286,119348.57,6,0.980219566916068,11,3.5697914353825873,215.4269619012692,0.04844710449479849,1.9090909090909092,20,1,0.05,0.0,1515935.2899999998,1515935.2899999998,1515935.2899999998,75796.71,75796.76449999999,93024.76,5,0.31073147041708155,15,1.4712459414209895,0.4221483466345183,0.04761901501006451,1.3333333333333333,4.191737395576765
E367,***电子商务有限公司,25,2,0.08,0.0,257996.67999999996,257996.67999999996,257996.67999999996,12312.17,10319.867199999999,157142.86,16,0.691458448319654,11,5.981045485721845,45.62223042220165,0.04554852717548834,2.272727272727273,215,17,0.07906976744186046,0.046511627906976744,2423763.6,2229588.8,2326676.2,80411.2,11273.319069767442,97087.38,19,0.19172280677968107,21,1.6028130482270868,-0.18761001727388862,0.03481004329004329,10.238095238095237,9.39455344929245
E368,***通信科技有限责任公司,87,4,0.04597701149425287,0.0,537399.71,537399.71,537399.71,32124.45,6177.0081609195395,97087.38,38,0.4919201170973492,19,3.273923330499924,0.2730137965493445,0.05640577214494289,4.578947368421052,32,10,0.3125,0.03125,1536697.32,1352321.3,1444509.31,121796.7,48021.79125,92188.01,5,0.24664825836750862,15,3.1354947592627953,0.17424171977384328,0.08262343991457943,2.1333333333333333,2.859505301928801
E369,***网络技术有限公司,161,9,0.055900621118012424,0.0,694071.62,694071.62,694071.62,111587.56,4311.003850931677,89175.0,31,0.11646767204234276,36,1.4123283885085753,-0.22920690413957026,0.13850467141701284,4.472222222222222,214,14,0.06542056074766354,0.009345794392523364,1542837.82,1525265.16,1534051.49,242505.74,7209.522523364486,9926.72,19,0.23181639140705412,32,1.0364803184439457,-0.051448331583863,0.13718165628815363,6.6875,2.222879852082124
E370,***设计服务部,4,1,0.25,0.0,1049.6499999999999,1049.6499999999999,1049.6499999999999,47.35,262.41249999999997,271.84,3,0.3768980404441874,3,3.6035983643974796,1.0291122468294531,0.04316317228805834,1.3333333333333333,498,28,0.05622489959839357,0.018072289156626505,2240283.62,2138034.78,2189159.2,64115.270000000004,4498.561485943776,9707.77,89,0.08213262069233697,28,1.1628497755486311,0.9464067359707573,0.029114850734172273,17.785714285714285,2134.314885914353
E371,***自动化科技有限公司,81,1,0.012345679012345678,0.0,187297.41,187297.41,187297.41,18785.13,2312.3137037037036,40598.29,31,0.12125193749467064,16,3.5304856751093214,-0.2522827680585977,0.09115342813612448,5.0625,32,6,0.1875,0.0,1541012.49,1541012.49,1541012.49,133152.96,48156.6403125,97087.38,9,0.23325666406000717,18,2.3069626099397915,0.4199440806240144,0.07953393136861114,1.7777777777777777,8.22762306216621
E372,***汽车维修有限责任公司,324,1,0.0030864197530864196,0.0,565880.77,565880.77,565880.77,81446.93,1746.5455864197531,34310.78,54,0.08960993539295942,36,1.310188082109483,-0.672515813518897,0.1258202452946166,9.0,586,50,0.08532423208191127,0.03583617747440273,2473649.0100000002,2289817.29,2381733.15,164672.16,4221.244044368601,23839.81,150,0.14698349123487875,37,0.6738657520165651,-0.1934045075577212,0.06709018855224658,15.837837837837839,4.371325447231579
E373,个体经营E373 ,881,13,0.014755959137343927,0.0022701475595913734,20655195.09,20310367.51,20482781.3,3061491.64,23445.17036322361,292307.96,105,0.12776812582593455,36,0.9370031388212774,1.6675586224695031,0.13099050530603598,24.47222222222222,112,3,0.026785714285714284,0.0,1334429.8,1334429.8,1334429.8,186726.98,11914.551785714286,94858.41,18,0.29565153389517307,35,3.1618586443211782,8.122344403255301,0.12275327727888773,3.2,0.06460504459946013
E374,***建材经营部,3,0,0.0,0.0,47130.240000000005,47130.240000000005,47130.240000000005,1429.76,15710.080000000002,46601.94,2,0.9778325723283692,3,6.329753046917811,0.0,0.02944316309719934,1.0,249,45,0.18072289156626506,0.0,1509394.49,1509394.49,1509394.49,45281.840000000004,6061.825261044177,9707.77,55,0.07041983030227958,23,1.656504996962187,5.442991580513267,0.029126216902009436,10.826086956521738,32.02603020905473
E375,***电器经营部,2,0,0.0,0.0,528.3,528.3,528.3,31.7,264.15,264.15,1,1.0,2,4.470738194079362,0.0,0.056607142857142856,1.0,377,20,0.05305039787798409,0.0,1072781.26,1072781.26,1072781.26,32226.24,2845.5736339522546,9707.77,229,0.025887182519900714,31,0.980861785339612,0.6684955988275092,0.029163820155066824,12.161290322580646,2030.6289229604392
E376,***建筑装饰设计有限责任公司,3,0,0.0,0.0,6353.54,6353.54,6353.54,206.45999999999998,2117.846666666667,5825.24,2,0.8475270185883494,3,5.8691602830151774,-0.9566212707676796,0.031472560975609756,1.0,53,8,0.1509433962264151,0.0,809828.49,809828.49,809828.49,24374.79,15279.782830188678,97087.38,13,0.25457917735672325,12,2.959294591807812,6.937857612596292,0.02921924497827436,4.416666666666667,127.46098867717839
E377,***文化传播有限公司,110,2,0.01818181818181818,0.0,248557.56,248557.56,248557.56,8864.44,2259.614181818182,9708.74,29,0.23374526027755763,26,3.0205655299841947,3.8251158583224996,0.03443544063832928,4.230769230769231,87,29,0.3333333333333333,0.022988505747126436,1106731.46,1064546.98,1085639.22,33354.12,12721.051264367816,95045.63,28,0.10430424382954041,23,1.869924644335102,1.0941844675975374,0.030379894873955406,3.782608695652174,4.45261636781436
E378,***商贸有限公司,692,7,0.010115606936416185,0.005780346820809248,1203523.12,1203239.58,1203381.35,143266.99,1739.1952601156072,99353.99,61,0.24000263981032538,31,1.5910608645943842,10.84240880447788,0.10639902781907702,22.322580645161292,362,64,0.17679558011049723,0.024861878453038673,1361576.97,1186654.47,1274115.72,145802.86000000002,3761.2623480662983,66138.05,76,0.09885260688121067,32,2.0447185981905123,40.00652727451178,0.10942403686578092,11.3125,1.1313259773522255
E379,***药业有限公司,385,16,0.04155844155844156,0.007792207792207792,1438744.01,1435541.83,1437142.92,139370.6,3736.9974285714284,128205.13,95,0.18149828550803246,38,1.2777772947203923,-0.543471844533248,0.08849419011824042,10.131578947368421,239,84,0.3514644351464435,0.0,2616853.67,2616853.67,2616853.67,252308.53,10949.178535564854,94200.0,51,0.3810921939923107,31,1.0168131470663235,-0.5834359370600098,0.0879380503479378,7.709677419354839,1.8188459182533798
E380,***建材有限公司,2,0,0.0,0.0,528.3,528.3,528.3,31.7,264.15,264.15,2,0.5,2,4.470738194079362,0.0,0.056607142857142856,1.0,188,22,0.11702127659574468,0.0851063829787234,1689379.75,1423165.73,1556272.74,42695.07,8986.0625,9999.99,6,0.8929764668170097,15,2.117617165545171,0.13525013808704447,0.029126278566150344,12.533333333333333,3197.7659473783838
E381,***通信网络工程有限公司,1823,57,0.031267142073505214,0.0021941854086670325,87171636.24,86975232.86,87073434.55,13006603.24,47817.68307185957,907491.29,195,0.052419269147690725,37,1.105886734973744,-0.610569897438324,0.13008966175607173,49.270270270270274,82,2,0.024390243902439025,0.2073170731707317,1877456.91,1507932.91,1692694.91,223639.69,22895.815975609756,94017.09,14,0.17517681109235528,14,1.8550771200861287,0.1051153275417375,0.12915409379889703,5.857142857142857,0.021537474699121237
E382,***教育信息咨询有限公司***分公司,2,0,0.0,0.0,699.24,699.24,699.24,60.76,349.62,435.09,2,0.529881670689716,2,4.609042982088072,-0.39288423084878993,0.07994736842105263,1.0,88,0,0.0,0.0,516453.39999999997,516453.39999999997,516453.39999999997,15493.6,5868.788636363636,9708.74,77,0.015446535225998674,20,1.3120378424461037,20.350710613325948,0.029126209941967903,4.4,738.5924718265545
E383,***通讯器材经营部,13,0,0.0,0.0,227271.78,227271.78,227271.78,7278.219999999999,17482.444615384615,71234.96,7,0.8728317368114061,7,5.97127707624349,15.434606736746172,0.031030569175015985,1.8571428571428572,126,15,0.11904761904761904,0.05555555555555555,1062059.33,939729.25,1000894.29,28391.25,8429.042301587302,9699.03,10,0.7754008142295898,15,2.0183591508687164,0.6501824031967813,0.02932615309767741,8.4,4.6730805293996465
E384,个体经营E384 ,247,11,0.044534412955465584,0.012145748987854251,2721926.67,2676250.77,2699088.72,403120.03,11019.946032388663,95775.86,78,0.08390116442652133,35,1.056327292996842,0.14040221236558845,0.13090986963960302,7.057142857142857,32,5,0.15625,0.0,2391103.67,2391103.67,2391103.67,358797.4,74721.9896875,96551.72,4,0.5391558642664346,8,2.6293509867079403,393.38742359491596,0.13047647565008585,4.0,0.8784599880495678
E385,***装饰工程有限公司,31,2,0.06451612903225806,0.0,18027.46,18027.46,18027.46,1156.54,581.5309677419355,2830.19,7,0.2935253527242256,15,2.079075202371612,0.3588669015057325,0.06028669724770642,2.066666666666667,28,16,0.5714285714285714,0.03571428571428571,1215480.0,1101662.52,1158571.26,33049.86,43410.0,95657.28,8,0.27940221344161525,10,2.336711789656839,0.852831757013382,0.029126200244682272,2.8,67.42380790194515
E386,个体经营E386 ,401,3,0.007481296758104738,0.0,183899.32,183899.32,183899.32,14178.039999999999,458.60179551122195,12355.85,113,0.0483499391924659,20,1.6147704619646122,-0.6875290534911105,0.07157829647971883,20.05,66,12,0.18181818181818182,0.06060606060606061,5746563.19,5164038.91,5455301.05,154921.09,87069.13924242425,97087.38,7,0.40834689707785776,13,1.7944482027741744,-0.8726851853066059,0.02912619948260562,5.076923076923077,31.24842000503319
E387,***农副产品经营部,3,0,0.0,0.0,1258.42,1258.42,1258.42,121.58,419.47333333333336,730.12,1,1.0,3,4.101787320325545,-0.2764203144688545,0.08810144927536231,1.0,94,8,0.0851063829787234,0.0,902446.84,902446.84,902446.84,27454.16,9600.49829787234,9708.74,8,0.550198987685358,28,0.6939075678478898,0.575457564914487,0.029523745000811914,3.357142857142857,717.1269051667964
E388,***商贸有限公司,292,1,0.003424657534246575,0.003424657534246575,93908.58,93267.56,93588.06999999999,12328.24,321.60472602739725,1709.4,56,0.30780679345728534,26,1.1682958297650132,4.394471171057521,0.11674934040937233,11.23076923076923,354,35,0.09887005649717515,0.0,1171179.88,1171179.88,1171179.88,35271.32,3308.417740112994,9708.74,94,0.08276934726607187,35,0.8242270480306407,0.1437315539256122,0.029235596102022195,10.114285714285714,12.471489612557232
E389,***清洁服务有限公司,2,0,0.0,0.0,2836.56,2836.56,2836.56,43.44,1418.28,2400.0,2,0.739563872286046,2,5.482259728690449,0.0,0.015083333333333332,1.0,64,1,0.015625,0.0,471561.62,471561.62,471561.62,14146.88,7368.1503125,9943.2,2,0.9856919073542896,11,2.0564520917332265,0.0,0.029126276357115427,5.818181818181818,166.24419014581042
E390,***建筑工程有限公司,16,0,0.0,0.0,6885.33,6885.33,6885.33,393.46999999999997,430.333125,2199.03,14,0.15499304801122266,9,2.976688590050706,0.35269615966814394,0.054056987415508045,1.7777777777777777,14,0,0.0,0.0,794083.14,794083.14,794083.14,23822.48,56720.224285714285,97087.38,1,1.0,5,2.95568395435469,1.1222056285586324,0.029126196736488984,2.8,115.32971404420704
E391,***五金店,3,0,0.0,0.0,839.6199999999999,839.6199999999999,839.6199999999999,50.379999999999995,279.8733333333333,311.32,2,0.5333921101208625,3,3.6154888853557376,0.6969677502248489,0.056606741573033706,1.0,350,32,0.09142857142857143,0.011428571428571429,1494013.75,1474162.57,1484088.16,45802.5,4268.6107142857145,9706.8,102,0.055503283935882754,38,0.7061521883833227,-0.0919089551643353,0.030133916169534078,9.210526315789474,1779.3927610109338
E392,***科技有限公司,179,0,0.0,0.0,88514.42,88514.42,88514.42,5435.34,494.49396648044694,6650.0,31,0.18376550117057108,29,1.7250669096679319,9.66937413565118,0.057853686906704185,6.172413793103448,260,33,0.12692307692307692,0.007692307692307693,1174444.44,1166094.92,1170269.68,35359.72,4517.094,67961.17,166,0.03322853623709884,32,1.3369452450888395,0.3160102976120931,0.02943075736925033,8.125,13.268396719992063
E393,***商贸有限责任公司,24,1,0.041666666666666664,0.0,396744.61,396744.61,396744.61,56580.63,16531.025416666667,40116.18,6,0.5458040686642617,16,1.665525626647044,1198.2117435436205,0.12481244150447039,1.5,607,63,0.10378912685337727,0.016474464579901153,1091568.21,1031162.39,1061365.3,30958.32,1798.3001812191103,9494.76,167,0.0655168317420839,36,0.5099905143900206,0.058769296461112126,0.02914764744583504,16.86111111111111,2.7513120090024663
E394,***环保设计研究院（有限合伙）,551,18,0.032667876588021776,0.009074410163339383,907551.39,855422.41,881486.9,20422.44,1647.0987114337568,42678.0,131,0.08305509807963513,35,1.23408076724369,-0.009533096185525778,0.023317417462693307,15.742857142857142,79,58,0.7341772151898734,0.0,2363895.17,2363895.17,2363895.17,70916.83,29922.723670886076,97310.68,12,0.3486307808683673,10,2.6210926253728557,18.523223349840784,0.02912620358368531,7.9,2.6046956635700815
E395,***网络科技有限公司,137,4,0.029197080291970802,0.021897810218978103,250439.17,244995.41,247717.29,34407.61,1828.0231386861315,18965.52,37,0.21311735640930976,31,1.3472803645633347,-0.23118057489310298,0.12314687937159734,4.419354838709677,139,45,0.3237410071942446,0.02158273381294964,3008089.24,3007823.74,3007956.49,503424.11,21640.929784172662,99675.21,21,0.258178351227021,28,1.689918882723456,-0.7596688134741133,0.14337470082039352,4.964285714285714,12.011257025009307
E396,***文化传播有限公司,211,13,0.061611374407582936,0.0,695239.74,695239.74,695239.74,91610.44,3294.9750710900475,55532.48,96,0.21984025839275126,31,1.5114047536041308,-0.06199030050499989,0.11642678915063602,6.806451612903226,70,5,0.07142857142857142,0.04285714285714286,855788.84,812756.76,834272.7999999999,48765.44,12225.554857142857,93396.23,14,0.20099215354452638,15,2.3247302891394797,-0.1563016600195501,0.05660381125408028,4.666666666666667,1.2309262413566866
E397,***大闸蟹经营部,19,0,0.0,0.0,383834.10000000003,383834.10000000003,383834.10000000003,58805.899999999994,20201.79473684211,357758.62,4,0.8725459653464935,9,5.960019190332953,1451.0914253265191,0.1328526567865534,2.111111111111111,183,51,0.2786885245901639,0.0,810092.53,810092.53,810092.53,24321.17,4426.735136612022,9699.03,95,0.09981574224387328,14,1.8184376349723277,1.0358263623844461,0.029147615864888125,13.071428571428571,2.1105277774955375
E398,***医疗管理咨询有限公司,74,1,0.013513513513513514,0.0,78671.58,78671.58,78671.58,3115.21,1063.1294594594594,5724.53,20,0.2252836350402286,31,1.5433521481527983,0.7000338007893332,0.038089402946368235,2.3870967741935485,89,0,0.0,0.0,618867.38,618867.38,618867.38,18565.97,6953.566067415731,9708.74,24,0.6506071440718434,20,2.696366775727902,2.019127222180153,0.029126135304969533,4.45,7.866466899482634
E399,***装饰工程有限公司,52,0,0.0,0.0,18163.239999999998,18163.239999999998,18163.239999999998,2007.96,349.2930769230769,4854.36,13,0.3119455683088268,24,2.0463171806639333,0.15870548315594937,0.09954588720552074,2.1666666666666665,19,4,0.21052631578947367,0.0,504522.15,504522.15,504522.15,15135.65,26553.797368421056,87378.64,9,0.2279327592931071,7,3.054785293471605,0.5374681123546965,0.029126186501963407,2.7142857142857144,27.777100891691134
E400,***办公用品经营部,16,0,0.0,0.0,63453.47,63453.47,63453.47,8190.18,3965.841875,44518.58,4,0.5736517891738848,11,4.706353319588007,108.26373225363615,0.1143182961783773,1.4545454545454546,134,12,0.08955223880597014,0.0,892471.26,892471.26,892471.26,26984.44,6660.23328358209,9502.43,22,0.10234449465090226,21,1.3111522593697635,-0.3024038657959763,0.0293482763769913,6.380952380952381,14.06497170288717
E401,***遮阳技术发展中心,28,0,0.0,0.0,165356.5,165356.5,165356.5,21714.350000000002,5905.589285714285,31859.96,10,0.3016999827400886,18,2.6773678654678923,19.173762724886355,0.11607554036345054,1.5555555555555556,77,38,0.4935064935064935,0.0,511663.96,511663.96,511663.96,73407.65,6644.986493506493,78703.41,15,0.3400786176945433,17,3.0310654678717013,6.832172231891037,0.12546780384712222,4.529411764705882,3.0943081161006676
E402,***商贸有限公司,57,0,0.0,0.0,413456.7,413456.7,413456.7,68751.3,7253.626315789474,9965.81,5,0.9939530277355686,14,2.1243636092420477,-0.4833595193664644,0.142576025283695,4.071428571428571,25,3,0.12,0.08,687483.97,602013.89,644748.93,99463.63,27499.358799999998,73931.62,4,0.3899191631659826,12,2.012520224840473,-0.5513524324060047,0.141791614362781,2.0833333333333335,1.6627713857339836
E403,***机械有限公司,110,2,0.01818181818181818,0.0,91462.74,91462.74,91462.74,9674.78,831.4794545454546,9659.4,53,0.05243148470893464,30,1.3660588699280432,0.556047046718828,0.0956596523228966,3.6666666666666665,70,9,0.12857142857142856,0.0,1324264.8399999999,1324264.8399999999,1324264.8399999999,48984.86,18918.06914285714,95543.01,11,0.32130639406699646,37,1.3248245622145505,-0.2705024915312201,0.03567075965864038,1.8918918918918919,14.478735712487946
E404,个体经营E404 ,29,4,0.13793103448275862,0.0,851261.13,851261.13,851261.13,126223.87,29353.832068965516,258119.66,12,0.24318940551730073,14,2.7038727108340717,0.6006916297980623,0.12913126032624542,2.0714285714285716,21,6,0.2857142857142857,0.0,1375746.76,1375746.76,1375746.76,140353.24,65511.75047619048,90909.09,5,0.32418626563627667,6,3.838634229171004,-0.23694159862630068,0.09257518633335532,3.5,1.616127779733112
E405,***职业技能服务有限公司,18,1,0.05555555555555555,0.0,95606.21999999999,95606.21999999999,95606.21999999999,5732.9,5311.456666666666,9433.96,5,0.9010827538585815,5,6.033749537671907,-0.9955630859474488,0.05657144052563314,3.6,45,20,0.4444444444444444,0.0,591627.17,591627.17,591627.17,17748.829999999998,13147.270444444446,97087.38,32,0.29529545184552575,15,3.2597559089783683,-0.156079561257471,0.02912623733130284,3.0,6.188166104673944
E406,***招投标代理有限公司,52,0,0.0,0.0,191619.41,191619.41,191619.41,6404.38,3684.9886538461537,38834.95,34,0.15202620183016577,20,2.390268502863477,2.63010310842719,0.03234146765901208,2.6,31,7,0.22580645161290322,0.03225806451612903,1253203.26,1194678.98,1223941.12,35840.37,40425.911612903226,79592.79,5,0.3428510488980007,12,2.8301249921193494,1.3246186563277156,0.029126214065630093,2.5833333333333335,6.540064286806853
E407,***装饰工程有限公司,149,1,0.006711409395973154,0.013422818791946308,391909.99,389478.13,390694.06,23164.05,2630.2683892617447,88543.69,54,0.21949192156195665,27,3.4987353204798644,9.205130941755243,0.05613592386507846,5.518518518518518,44,13,0.29545454545454547,0.045454545454545456,3188750.48,2819818.44,3004284.46,84594.56,72471.60181818182,95145.63,5,0.4138066110649208,13,2.4855097785547997,7.932230433213077,0.029126215865305657,3.3846153846153846,8.136435817826435
E408,***空调制冷有限责任公司,40,1,0.025,0.0,70013.32,70013.32,70013.32,7760.78,1750.333,9708.7,12,0.18592183610027388,18,2.094705135182732,-0.2708798912716232,0.09978617560344638,2.2222222222222223,32,6,0.1875,0.0,637420.62,637420.62,637420.62,19141.38,19919.394375,63106.8,10,0.2819505038890225,15,1.6930574812617527,-0.03012547231035404,0.029153956518957847,2.1333333333333333,9.10427644339677
E409,***塑胶有限公司,15,0,0.0,0.0,47059.72,47059.72,47059.72,2639.2799999999997,3137.3146666666667,9433.96,5,0.43155248439086036,10,3.225633391000822,0.5067019787403136,0.05310529386909193,1.5,101,11,0.10891089108910891,0.0,250748.0,250748.0,250748.0,7522.45,2482.6534653465346,8737.86,41,0.08188090604974618,26,1.6647477726295445,3.4331308078184906,0.02912625118359456,3.8846153846153846,5.328293496008901
E410,***网络科技有限公司,105,0,0.0,0.0380952380952381,17402.2,16780.68,17091.44,2095.49,165.7352380952381,2034.3,10,0.38255911115558144,18,2.2578817559391275,22.62494162928583,0.11101245644640834,5.833333333333333,66,1,0.015151515151515152,0.015151515151515152,433092.05,415674.57,424383.31,6153.43,6562.000757575757,60000.0,41,0.07714970311164701,26,1.567664074684166,0.10968753523326662,0.014587533307414398,2.5384615384615383,24.887201043546217
E411,***机电设备有限公司,109,0,0.0,0.0,245753.44,245753.44,245753.44,5947.59,2254.6187155963303,74928.57,33,0.6706110415114402,25,3.2400377768739608,22.494463282242034,0.023629581491978798,4.36,97,30,0.30927835051546393,0.041237113402061855,430503.41,390663.73,410583.57,12392.55,4438.179484536082,9514.56,33,0.08119305459875516,27,1.5696857610365447,0.891049000907255,0.030746450594939245,3.5925925925925926,1.7517696191760326
E412,***汽车贸易有限公司,86,3,0.03488372093023256,0.0,77545.72,77545.72,77545.72,4334.64,901.6944186046512,7913.0,19,0.1645393192911292,20,1.7119812266590955,54.904843737856126,0.05293870227243749,4.3,149,12,0.08053691275167785,0.0,351770.67,351770.67,351770.67,11765.33,2360.876979865772,9708.74,88,0.029060314198586464,33,1.2200801987063898,0.06283167992903767,0.03236358985079882,4.515151515151516,4.536300262606369
E413,***石材工艺品有限公司,62,0,0.0,0.0,24463.71,24463.71,24463.71,2780.19,394.5759677419355,4912.93,9,0.24921905907569367,17,2.469118336584169,0.0,0.1020481649103102,3.6470588235294117,40,7,0.175,0.0,341445.51,341445.51,341445.51,10243.449999999999,8536.13775,9704.85,8,0.337424338869997,7,3.8490862578289446,32.10110474325443,0.02912644741535247,5.714285714285714,13.957225212365582
E414,***物流有限责任公司***分公司,6,0,0.0,0.0,9804.72,9804.72,9804.72,477.61,1634.12,5370.12,4,0.4449633249376555,5,3.893383457444337,1.84939617130204,0.04644958876052412,1.2,14,3,0.21428571428571427,0.0,506504.84,506504.84,506504.84,15195.16,36178.91714285714,88834.95,6,0.3530310384368378,7,3.680351969117791,0.8600885208463139,0.029126241134751773,2.0,51.65928654770356
E415,***广告设计服务部,2,0,0.0,0.0,17142.86,17142.86,17142.86,857.14,8571.43,8571.43,1,1.0,2,4.470738194079362,0.0,0.04761888888888889,1.0,208,0,0.0,0.03365384615384615,92120.97,85328.75,88724.86,2564.45,442.88927884615384,964.08,185,0.011052378900677891,23,1.3636860045423937,4.936522302883082,0.029176887404258806,9.043478260869565,5.373722354379607
E416,***科技有限公司,8,1,0.125,0.0,174174.86,174174.86,174174.86,10418.88,21771.8575,68713.23,5,0.9815928030112498,7,4.634869813688598,336.7563600154182,0.05644221737963595,1.1428571428571428,25,2,0.08,0.0,226890.13999999998,226890.13999999998,226890.13999999998,6806.66,9075.605599999999,9708.74,5,0.39965912207694726,8,2.4119219688026514,1.1862186204166267,0.02912602996703421,3.125,1.3026572261921152
E417,***园林景观工程有限公司,128,1,0.0078125,0.0,155160.66,155160.66,155160.66,18785.8,1212.19265625,78461.54,23,0.30654595558876113,31,3.4025368012627455,-0.7102090776141274,0.10799759880137831,4.129032258064516,6,0,0.0,0.0,161669.92,161669.92,161669.92,4850.08,26944.986666666668,95650.49,2,0.5167960026040617,4,4.100427046842493,-0.3097847172554998,0.029126110977660342,1.5,1.0419517421490732
E418,***营销策划有限公司,71,0,0.0,0.0,46292.93,46292.93,46292.93,2702.51,652.0130985915494,14693.4,31,0.15854337925331619,19,2.637481197570078,-0.6111852958762105,0.055158398414219774,3.736842105263158,23,3,0.13043478260869565,0.0,450804.51,450804.51,450804.51,13809.89,19600.196086956523,90949.51,13,0.32836757955804574,9,4.05138392038533,-0.6536882628500001,0.029723336168659426,2.5555555555555554,9.73808549167227
E419,***科技有限公司,1304,26,0.019938650306748466,0.009969325153374233,11983846.83,11900285.75,11942066.29,134692.49,9190.066587423313,912859.82,194,0.5565425889262416,38,0.9809520254608932,8.62587103872143,0.01119175185147655,34.31578947368421,4,0,0.0,0.0,52075.47,52075.47,52075.47,3124.5299999999997,13018.8675,15094.34,2,0.6009242131037553,4,3.1789550236857833,1.6315794979225386,0.05660380434782608,1.0,0.004345471928899812
E420,***康药房,153,2,0.013071895424836602,0.0,1885593.56,1885593.56,1885593.56,263455.8,12324.14091503268,80820.85,20,0.24332223166003483,32,0.8117357703958121,0.6751384223577885,0.12259178635152429,4.78125,126,12,0.09523809523809523,0.0,82539.12,82539.12,82539.12,12325.11,655.072380952381,4905.0,74,0.0349238323742225,30,1.1917865314418898,-0.06783276013217333,0.1299236814550648,4.2,0.04377354789014022
E421,***保温材料有限公司,19,0,0.0,0.0,30393.81,30393.81,30393.81,1776.19,1599.6742105263158,3773.58,5,0.851567062852547,13,2.189072966588687,35.46263450468995,0.055212620453838984,1.4615384615384615,29,1,0.034482758620689655,0.0,245700.76,245700.76,245700.76,7371.07,8472.44,9990.29,6,0.44889821317084855,5,4.223736190685316,1.9006386422707902,0.02912639466826474,5.8,8.083907874662637
E422,***童装店,3,0,0.0,0.0,889.39,889.39,889.39,70.61,296.4633333333333,436.56,2,0.6657205379946249,3,3.8338954731663017,0.0,0.07355208333333334,1.0,30,3,0.1,0.0,28314.81,28314.81,28314.81,892.8,943.827,8106.8,20,0.12347148101072006,13,3.031901617085724,0.0,0.030567376105063028,2.3076923076923075,31.83621358459169
E423,***通风设备有限公司,21,0,0.0,0.047619047619047616,78276.9,61046.14,69661.52,8005.56,3727.471428571428,9700.85,8,0.48757899967762325,11,2.501396371937084,-0.6705926609664739,0.1159357409013826,1.9090909090909092,7,1,0.14285714285714285,0.0,78388.34,78388.34,78388.34,2351.66,11198.334285714285,32815.53,3,0.4114890388361288,6,3.1889182427646396,-0.5357421120998264,0.02912633143423334,1.1666666666666667,1.0014236639417249
E424,***贸易有限公司,25,0,0.0,0.0,254329.9,254329.9,254329.9,17669.49,10173.196,63309.06,13,0.7251508887521368,12,2.3282766435923463,1.746836998309923,0.06496150597984797,2.0833333333333335,43,6,0.13953488372093023,0.046511627906976744,90278.0,87850.24,89064.12,2835.37,2099.4883720930234,9300.0,21,0.6900900508771132,13,5.32308379239135,-0.8681496663343494,0.031265930724841566,3.3076923076923075,0.3549641626879105
E425,***商贸有限公司,118,2,0.01694915254237288,0.025423728813559324,60532.7,59519.52,60026.11,5240.72,512.9889830508474,9230.77,28,0.0802056363703268,21,1.797075766957581,0.8400787286705362,0.0809249626005092,5.619047619047619,18,8,0.4444444444444444,0.0,152574.75,152574.75,152574.75,4577.25,8476.375,9623.3,2,0.8273229947010938,3,4.305196118124655,-0.9395258661069685,0.029126259926695174,6.0,2.5205343558109914
